1,1660,1490.64,721,23,49.0591,2870.85,685.068,7440,3300,450,2200,70,78,13.4403,12,7041,60
1,2186,878.65,512,16,49.1164,2683,750.35,12280,6450,750,1289.58,47.443,30,12.2,16,10527,56
1,1428,1097,336,22,48.8543,1036,99,11250,3750,400,1165,53,66,12.9,30,8735,54
1,417,349,137,60,89,510,63,12960,4364.69,450,875,79.7843,83.0532,7.7,37,19016,59
1,193,146,55,16,44,1258.39,869,7560,4480.3,800,1500,76,72,11.9,21.8992,8843,15
1,587,961.666,330.795,38,62,678,41,13500,3335,500,1254.45,67,73,9.4,11,9727,55
1,353,340,103,20.59,45,416,230,10151.1,5720,500,1500,80.7232,93,11.5,26,9716.92,63
1,1899,1720,489,37,68,1594,32,13868,4826,450,850,81.6046,100,13.7,37,11487,73
1,1038,839,227,30,63,973,306,15595,4400,488.752,500,74.4851,84,11.3,23,10897.5,80
1,276.098,498,172,21,44,799,78,10468,3380,405.639,1800,51.2921,41,11.5,15,8991,52
1,1732,1425,472,37,75,1378.57,110,16548,4335.2,500,600,82,85.1231,12.7061,31,10932,73
1,2652,1900,484,44,77,1707,44,10253.7,4440,526.293,600,73,81.2572,9.9,23.1648,10882.6,76
1,1143.57,780,290,38,64,1130,638,9690,4349.77,600,1000,60,76.5685,13.3,21,7940,63.6639
1,1419.13,1117.35,385,35.2276,73,1306,28,12572,4442.42,497.651,400,75.5098,87,15.3,23.4308,9305,62.9018
1,494,313,157,23,46,1317,1235,10863.6,3640,650,2449,36,69,13.0492,26,8127,55
1,1420,1093,220,14.8284,22,1018,454.161,10741,4780,450,1400,78,84,14.7,21.7609,8201.89,69
1,4302,992,418,83,96,2966.02,5,10295.8,5300,660,1598,93,98,8.4,23.3057,14807.7,100
1,1216,908,423,19,40,1819,281,10513.1,3520,550,1100,61.831,61,12.1,14,7833.33,59
1,1130,704,322,14,23,1586,876.262,9996,3090,900,1320,62,77.9683,11.5,18,10908,66.1208
0,3540,2001,947.569,24,54,4190,1512,5130,3592,500,2000,60,62,23.1,5,4010,34
1,713,1111.13,252,25,44,712,23,15476,3336,400,1100,69,82,11.3,24.2087,9315.48,63.06
0,7313,4664,1910,20,63,9940,1035,6806,2540,96,2000,81.2093,96,18.3,14,5854,70
1,996.23,939.156,219,20,51,1251,364.269,11208,4124,516.131,1189.96,55,65,12.7,22.9165,6584,65
0,13245.3,10308,4115.9,15.0961,49,22593,7585,10698.7,4850,780.3,2100,88.1096,93,18.9,5,4602,48
1,708,334,166,46,74,530,182,8644,3922,500,1232.18,79,88,12.6,24,8643.84,54
0,1734,1729,951,12,52,3602,939,3460,2650,450,1000,57,60,19.6,21.3962,5003.73,48
1,2135,1700,491,25.1362,59,1708,689,12000,5920,500,500,93,93,13.8,30,7100,88
0,7548,6462.32,3070,25,57,16262,1902.32,6300,3933,600,1908,75.371,77.7487,16.7,18,6920.76,64.9903
1,1196.7,513,401.366,12,30,2074,726,10102.4,4359.02,540,950,65,77.2465,12.8,31,7836,58
1,1879,1658,497,36,69,1950,38,13353,4173,540,821,78,83,12.7,40,9220,65.8818
1,761,725,306,21,58,1337,423.247,10078.4,3244,600,1021,66,76.1942,10.4,30,6871,69
1,948,798,295,42,74,1120,15,11280,4317.46,572.562,1150,81,95,12.8032,33,11361,71
1,627,556,172,22.3399,50.1325,1133.68,538,9925,4135,750,1350,59,67,14.1559,11,6523,48
1,1086.75,483,206,21,46.8507,1437.16,466,10244.2,4100,400,2250,58,68,11,21,6136,65
1,1690,1366,662,30,61,2389.28,1460,10362.3,4300.73,646.108,1195.38,73.8268,77.2211,13.0047,20,10742.2,85
1,261,192,111,15,43.0212,1015.46,369.094,9974.05,4300,500,500,57,72.9418,9.7,35,9337,71
1,1910,838,285,39.1636,85,1004,15,19264,6206,750,1148.74,80.652,98,10.4,24.9178,13894,79
1,3885.17,1402,531,53,65.8913,2121,69,17926,8124,600,850,83,93,10.3,24.0613,12580,91
1,990,784,279,17.0408,45,2406.38,3144,10416.4,5360,600,1800,78.0958,78,12.6,11,9084,63.8536
1,6075,5349,2367,34,66,7003.76,484,10777,3920,600,1227.46,64.5781,76,18.5,22.8195,7503,72
1,1163,1034.87,348,23,56,878,519,12850,5400,400,1166.6,78,89,13.2695,30,8954,73
1,807,707,308,39,57.7263,1198,605,9840.46,2950,750,1290,74,82,13.1,31,6668,84
1,632,494,227.587,17,36,709,131,9000,4850,300,2480,78,85,13.2,10,7550,62.7635
1,1220,974,481,28,67,1199.07,623,10340.6,3664,650,900,60.7411,61,11.1,19,9293.03,49
1,1320,923,433.523,32.5239,51.7653,1085,1021.21,16304,3616,355,715,87,95,11.1,26,11804.8,64.6218
0,1271.17,877,546,12.7541,36,3796,824,9746.55,2700,660,1800,57,62,19.6,16,3752,46
0,632,620,363.84,14,24,702,488.351,9550,3850,350,250,64,84,14.1,18,5922,58
1,519,883.722,307.662,25,53,457,2,10408.5,4100,600,500,71.6524,81.062,11.1624,23.4006,16364,55
1,3466,2330,640,20,47.3059,3272.51,1533,13800,4335.27,630,850,87,87,17.5,22.1153,10941,82
1,1858,1221,480,37,54.2393,2015.06,49,10710.8,3940,350,2375,80,80,12.2497,17,10511,63
1,878,1185.22,490.287,16,41,706,62,8740,4385.43,550,1700,62,75.5269,11.6,29,7718,48
1,202,184,122,19,42,537,101,8540,3580,500,1400,71.8101,80,8.8,23.3366,8324,56
1,298.88,384,104,11,28,347,74,6200,2900,600,800,63,63,12.4113,22.2163,7623,35
1,1646,1150,304.525,12,45.9281,1724.09,82,5188,3396,650,2500,52.7624,48,13.8,9,6817,58
1,805,588,287,67,88,1376,207,11660,4325,517.351,1281.07,74,79,14,22.8788,8649,72
1,500,511.278,156,22.852,55,855.947,27,6500,2700,484.464,1000,76,76,12.6157,53,8377,51
0,6773,3028,1333.5,15,55,5327.79,946,10690.9,4376.13,500,1680,63.8825,68,18,19,7041,67.3067
1,724.227,358,181,15,30,653,129,10184.8,4350,517.33,1500,61,73.5973,17.8,3,6259,63.6486
1,935.092,877.141,209,20,50,1127.08,455.157,9900,3990,400,900,67.6581,71,12.3363,19,9073,58
1,17052.3,13007,3810,45,80,14971,685.045,11755.3,6810,475,1025,80,81,10.3838,23.5939,16836,72
1,3356,1019,671.62,76,100,1490,8,10295.7,5885,1495,875,93,96,11.2,52,20447,96
0,9251,6840.02,3076,14,45,13699,1213,7452,3352,600,1700,81,89,21.1,14,6918,67
1,1027.43,330,403.345,16.4034,36,453,42,14080,4373.92,500,900,57,80,10.2,21,15387,46
1,3767,3215.15,1021.95,30,58,4531,643,10870,4440,2000,1522,75,81,14.4,21,7671,85
1,4186,2743,809.803,48,77,2819,62,10786.1,4357.93,410,1000,90,97,9.8,22.186,17150,64.9502
1,367,274,218.638,12,41,917,479,9592,5879,500,700,71,80,13.7,12,5935,49
1,1436,1228,388.198,14.6473,26,1320,822,4371,2370,500,1297.53,62,74.8962,12.6,10,7027.96,64.4904
1,1003,351,373.952,17.473,44,738,430,10260,4380.89,600,1500,39,66,13.1,26,8355,63.9321
1,1383.88,1091.76,292,22,53,881,55,10265,4725,560,875,68,73,13.2,24,8234.2,82
0,9741.71,5402,4615,34.6759,82,13161.3,1253,2340,3580,640.268,1220,76,76,20.5,40,7267.15,68.2915
1,12586,5961.35,1462,87,95,5643,349,11516.1,5926,637.856,1100,87.6683,100,7.6,22.4086,20440,65.1941
1,1465,810,313,71,95,1088,16,18165,6750,500,1200,100,89.4114,12.3,22.9375,17449,89
1,6548,3813,862,49,85,3316,31,18550,4750,800,1200,95,97,14.2,36,12382.3,93
1,860,688,285,32,70,1833.79,442,13306,3797,502.243,1234.77,62,75.303,14.9245,10,6333,78
1,2362,2037,700,40,68,2607,148,13130,4353.89,500,1290.61,77,81,13.3878,29,9511,64.7586
1,1361.7,494,224,8,40.652,1035,446,10518,6250,300,300,59,76,16.5,23.0094,7117,71
1,1011,604,213,17,42,1323.36,868,8900,4600,425,1220.58,87,96,13.9,25,7922,55
1,563,247,247,23,52,1427,432,12950,5300,517.01,576,72,74,13.4799,17,8985,64.7177
0,6906.54,3817,1650,47,73,7779.65,1404,10025.2,4877,612,2091,72,81,19.8,13,8453,63.6689
0,4540,3294,1483,5,60,13494,1254,7706,4368,600,1926,90,90,21.2,21.7367,7268,61
1,2181.99,1512,913,29,56,2087.32,136,10230,3710,400,1210,75,81,14.8,22.2917,7786,81
1,2087,1339,657,20,48.1335,3191,1204,10160.2,2790,548.524,500,77,77,21.8,34,3739,63
1,848,587,298,25,55,935,184,6060,3070,461.703,1300,65.5204,66,12.8582,13,7539.61,65.9144
1,2853,1776.64,469.592,16,34,2978,434,10750,5340,400,1130,75.5051,92,14.6,26,7972,64
1,1747,1382,449,34,66,1662,960,13050,4279.49,500,800,64,69,13.0612,22.507,9586.56,83
1,100,90,35,10,40.3471,282,323.595,9288.28,2812,300,2134,10,49.8415,12.1,21.9415,7976,52
1,2694,1579,489,75,93,1939.04,12,19292,4367.15,550,1355.62,81,88.9504,11.8206,60,17960,91
1,8728,5201,1191,42.6141,89,4265,291,17900,5690,586.369,1250,86,93,9.2,31,24386,74
1,1160,991,352,23.0314,55,1357,737,10551.3,3880,480,930,74,81,17.8,22.2665,7666,79
1,1096,1098.45,464,27,62,1776,582.301,10194.9,4322,400,500,73.3278,75.3587,13.6,16,6716,62.5787
1,1616,1427,434,20,43,1879.06,580,13125,3775,500,1300,74,79.776,15.9,22,7678.66,65.0917
1,3877,1940.69,713,71,93,3051,513,15700,4730,525,1460,95,95,2.9,29,19733,67
0,1781.16,940,363,9,22,2282.55,294,7656,4690,400,700,76.6848,76.6069,14.7,8,6365.86,79
1,1083,806.775,291,13,34,915,80,9270,4100,513.85,1860,75,79.7303,12.6286,27,8087.74,55
1,1754,1465,505,24,51.4351,2123.41,211,13712,6408,526,1100,75.7502,96,13.9336,18,11257.8,75
1,3847,3433,808.741,9,35,1010,12,10719.1,4840,600,1238.73,22,47,14.3,20,7697,118
1,776,607,346.996,25,58,791,764,14340,5285,500,1000,58,83,11.7,39,10961,74
1,1307,1090,616,25,55,2196,82,7344,4366.7,570,1000,50,52,15.3,22.1915,6982.78,64
1,369,312,90,12,46,803.469,526,11400,5400,500,760,71.298,85,9.5,22.4133,10437.2,24
1,495,434,210,35,55,775,565.953,8950,3490,600,1250.33,86,92,11.3,22.8205,9685,66
1,601,396,203,1,20,525,323,11230,6643,2340,620,49.3697,84.2461,15.3457,4,10585.6,47
1,1283,1113,401,31,53.501,1355,40,10938,3660,650,1259.62,76,79.6906,13.591,29,8444,65.1494
0,4158,2532,963.041,6,24,4272.31,1142.45,5962,4444,500,985,69,73,16.7,4,4900,49
0,4681,4277.72,1436,10,35,8094,1298.97,9732.97,3288,300,1251.51,69,80,19.7,24.649,5501,64.0388
0,2785,2011,1007,8,65,6507,898,7242,3603,654,1223.73,67,89,18.1,0,6413,62.4925
1,174,609.433,88,8,29,1047,33,9842.89,4473.42,404.027,600,62,62,14.7317,18,3365,58
0,1352.76,888,288,55,82,1413.81,7,11850,4277.37,492.242,900,83.7521,99,11.4,60,13118,64.2109
1,1579.54,771,463.423,23,48,1662,209,10011.8,5895,600,1100,72,80,13.6882,6,8911.68,47
1,1536.4,1349.84,91,28,51.0579,1180.32,148,13500,5230,495.724,850,81.5255,98,9.3,37,16095,52
1,1121.12,254,349.619,25,64,518,232,9880.08,5015,506.668,850,71,78.0659,13.6666,29,7729,64.1708
1,81,617.034,51,28.526,48.6364,139,636.616,10277.8,3600,400,800,74.0764,76.6187,12.5981,17,10922,58
1,880,990.972,339.433,16,42,1068,364,9300,3260,600,900,81,81,11.1,24,8129,63
0,883,1696.96,776.026,15.7773,37,3473.09,1749,7860,4750,525,1889,80,82,21.2,21.9181,4639,48
1,1196,697,499,21,49.0955,959,13,4412,4365.81,500,1000,69,69,12.4648,31,7083,21
1,1860,767,316.941,71,93,887,238.029,17000,6010,500,850,99,99,9.6,52,18443,87
1,2887,2059,457,30,53.9178,1928,296,10348.9,4200,500,1277.32,94,85.6779,10.5,35,11951,79
1,606.015,340,167,14,45,604,350,10740,3676,350,900,71.2956,77.6122,11,27,7963,74
1,2627.27,1953,557,35,68,2290.78,947.421,15960,4390.31,700,1300,95,95,15.8,32,11659,66.0154
0,7939.51,5257,2301,37,65,11755,770,8116,3610,800,1618,76.9469,88,18,17,7022.68,65.052
0,689,561,250,15,30,1125,422,7168,3689,600,1900,67,73.6882,18.1,9,4417,46
1,1006,742,275,29,60,1127,205,13925,4390,500,2200,73,86,12.7,32,10141,64.028
1,604,452,295,15,47,690,222,9888,4502,400,1000,64,77,12.1,39,8741,64.4015
1,2848,1319,507.999,41.2351,84,1720,35,18930,5590,500,1000,81.2113,94,10.2,23.7086,15954,91
1,4856,2492,821.896,34.864,75,2649,25,19510,5565,500,750,80.0458,98,10.5,23.3778,15494,63.0146
1,1432,888,317,29,58,1121,493,10860,5760,550,900,66.9363,62,12.8781,23,8604,96
0,4772,3140,1263.86,22,51.4636,6851,1200,6120,3460,666,2316,73,78,17.2,18,4776,51
1,798,620,238,14,41,1165,1232,9800,4430,400,1150,46,46,11.1,35,6889,100
1,998.712,648,177,22.2477,46,707,384.739,11790,4362.45,500,1000,75,77,11.9,35,10091.7,83
1,344,264,97,11,42,500,331,12600,5520,630,1231.94,69.4115,80,10.4,7,9773,43
1,785.209,356,177,23.9009,61,667,1983,11180,5620,600,1243.31,64,64,11.5,32,7477,75
1,938,864,511,29,62,1715,337.673,12247,4221,500,600,76.0384,88,13.1,26,8847,72
1,511,411,186,23,51,1692,304.386,12224,4440,450,1000,63,87,13.8226,32,7315,62.2308
1,444,1100.49,122,34,53.2713,1602.09,968,10900,5250,380,1000,68,70,11.4,23,9447,64.404
1,983,664,249,23,57,1698,894,9990,5666,592.753,1500,66.9301,71,13.2312,28,6084,64
1,546,1648.4,498.803,16,42,2105.47,853.312,11138,4138,600,1200,70.7284,76.5106,14,7,8578.91,80
1,141,118,55,12,21,201,173,8300,4382.47,450,1300,53,53,9.5,19,6936,76
1,672,831.399,278,23.3566,60,1350,275,11844,3696,450,1146,54,76,13.2501,33,8996,72
1,2994,1691,659,70,95,2675,22,18000,6300,400,900,92,96,11.3,22.7147,12138,64.214
0,7117,3106,1217,68,88,5186,134,11720,4298,600,800,89,92,12.1,31,9534,93
1,2100,1883,553,25.3963,65,1704,1,16240,4690,500,500,79.3286,96,11.1,43,14140,69
1,2193.02,1577,506.84,56,87,1892,7,17142,4358.43,450,1200,75.0805,78.8463,11.3,51,13001.5,64.8233
0,9478,6312,2194,29,65,11664.1,1829,10493.5,4180,470,1800,87,89,19.2,10,7850,59
1,314,158,132,12.566,28,1917.88,5346,10436,3700,400,1251.44,87,87,15.3,2,5015,37
1,1122.92,614,242,21,67,1211.86,237,10425,4318.77,500,1500,61,77,14.7,34,8693,76
1,6756,1930,871,50.2516,96,3121.89,55,18624,6664,550,300,97,98,5.9,21,19038.2,99
1,281,973.452,310.77,13,29,1049,605.368,10500,3750,450,950,69,75,12.8,18,6955,45
1,232,216,324.876,16,44.9677,534,172,6900,3800,450,1825,67,76,12.1,9,7722.11,42
1,688,497,144,30,75,641,406.708,10800,4440,570,1515,63.288,60,13.1,13,8415,55
1,528,403,186,25.0153,50.5514,1168,321.615,9216,4191,400,1000,56,64,13.7254,13,7309,75
1,3035,1546,438,42,93,2401.02,558.014,18740,4308.93,600,500,82.4752,95,10.7,40,14773,91
1,440,407,149,35,70,643,80,12050,3700,500,900,63,76,10.2,24.1708,10965,63.6916
1,1538,1329,383,33,68,1140,10,15248,4323,550,800,71,76,12.2,31,10340,64
1,4436.19,2836,876,30,52.5899,3450,535.109,10628,4372,566.199,2055,85,90,6.5,22.695,14695.2,85
1,1576,1110,274,21.6765,51.4343,992,112,8000,3700,400,500,51,52,14.1,28,5807,51
1,995,789,398,26,47,1306,122,6230,4340.91,400,600,42,44,13,22.4581,7017.01,63
1,866,619,157,18,47,1074,336,10302.2,4310,680,1301.65,68,68,14.6,42,6898,46
1,504,482,241.514,24.9167,49.3337,550,84,9130,4394.74,510.39,1450,46,51,13.1074,25,8686,54
1,585,508,153,12,30,460,536,12292,4934,500,500,61,74.7868,22.2,10,8643,63.7649
1,8587,2273,1087,52.803,99,3918,32,19545,6070,550,1100,95,99,4.7,49,29619,98
1,2720.26,956,452,77,96,1491.37,248.682,17295,5070,600,1011,95,97,12,46,17581,94
1,571,461,174,10,26,645,283,10850,3670,400,1159,58,72.9981,12.8,19,7505,63.5738
0,967,945,459,15,48,2806,538,4528,1880,433.14,1200,70.7686,74.555,17.1,16,5113,58
1,2762,2279,533,32,54.6544,1835,396.797,16900,4720,500,600,88,97,11.6,45,12423,81
1,1994,1656,495,50,80,1983,36,14300,5020,552.712,950,78,94,11.1,31,12266.5,82
1,3014,1557.4,487,32.2115,68,1889,62,18700,5000,595,1250,87,86.1454,11.2,39,13861,87
0,434,906.202,588.369,10,30,1376,237,4486,2146,402.374,2000,50,64,16.5,28,4525,46
1,1998,1376,425.553,41,60.2484,1539,45,6700,3650,500,2307,52,52,14.1,12,7566,61
1,793,709,244,20,47,1022,411,9570,4320.37,400,1000,68.2042,72,15.1,42,6852,60
1,612.629,329,108,4,19,756,863,8310,5500,600,1800,69.2102,76.6816,12.7,5,5480,54
1,604,562,328,25,47.9672,1048,598.765,9855.33,2650,536.8,1165.56,74.8722,73.3856,12.5,17,9257.2,87
1,1011,829,353.962,9,33,1059,2458,9000,3100,450,1413,77,78,12.4,20.5108,11178,42
1,2799,1959.47,839,34,65,3322,587.742,13420,4770,560,1263.77,88,84.4925,15,24,9473,77
1,2153,1580,321,56,84,1192,87,18432,5616,520,1203.07,93,97,10.2,28,14907,83
1,700,650,314,33,66,1065,48,8730,3523,500,1204.76,82,92,13.0012,23.6334,9303,67
1,13789,3893,1583,52.279,98,6188,53,12070.4,5950,625,1162,95,96,5,44,27206,97
1,1334.69,1006,274,35,63,1028,13,15036,4056,600,600,90,94,10.6,46,11480.7,78
0,9274,6362,2435,14,44,13171,1687,7248,4263.07,500,1296.14,74,78,12.7773,18,9772.12,58
1,4293.21,2730,1347.24,15,46.5225,6706,2640,5800,3000,600,2200,73,75,14,9,9825,66.1239
1,800.237,341,265,10,36,1050,470.458,4950,4356.2,530,1239.79,62,72.604,15.7,7,5619,63.5334
1,458,1122.69,165,16,42.7811,1057,355,11190,4408.21,450,1230,60,73.804,13.6,22,8135,54
0,1712.03,1493,564,14,50,2766,786.258,5962,4316,650,500,71,76,16.9,14,5719,50
0,5597,4253,1565,17.1182,38,7452.36,734.533,10488.5,3066,120,1730,62,71,16.2,5,5682,76
1,486,440,227,19,48,903,220.486,9650,3800,600,1300,46,65,11.4,29,10188,82
1,516,409,200,24.5242,49.264,1238,30,8770,3500,471.629,700,58,58,13.8577,17,6430,65.2359
1,1849.21,1109,385.225,33,56.4824,1363,23,10265.2,4080,600,1000,82,89,12.8,26,15003,65.2314
1,2417,1843,426,36,70,1476,299,14190,4400,500,1203.89,65,78.7153,12.8,23.465,9815,81
1,1541.42,1045,345,27,50,1109,502,14990,4980,450,1234.25,77,98,21.5,21,7016.74,64
1,245,208,125,23,46,544,291.025,11800,4765,450,1700,71,71,11.3,23.1658,8952,86
1,3624,1742.18,858,11,39,2933,334,9100,3883,490,1777,70,74,18.9,34,6329,63
1,3151,2584,958,14,40,4772,856,7800,3750,747.047,3020,67.2329,79.9173,11.1256,4,12878,66.0004
1,765,646,226,30,60,1139.84,32,8578,4393.23,700,1600,79,82.3601,13.9,51,8061,82
1,8506,4168,1236,76,97,5544,192,17600,6000,600,870,97,98,5,23.4738,28457,96
0,1256,1256,853,43,79,3957,588,5401,3144,450,1258.44,72,75,19.3,4,5527,64.7042
1,659,1040.28,435.44,47,74,1400.72,35,10485,3840,475,1246,76,80,13.5,47,7527,65.8314
1,770.158,454,113,22.9832,56,484,16,10955,3450,430.93,670,62,87,14.1256,24.1708,9552,63.1833
0,1801,1101,438,14,50,3065,363,6297,4600,600,1323,75,78,13.2656,14,8355,68
1,4784,3091.07,781,28.1375,66,3236.57,1037,15000,6200,700,1100,86,90,13.1815,30,11220,94
0,1455,1064,452,1,16,2632,617,6806,4360.7,350,1283.61,75,77.3638,12.9823,10,6972,24
1,1339,1107,336,15.4084,36,1051,82,9400,4432.23,500,1600,53,58,12.4511,9,7275.61,22
1,1415,714,338,18,46.6304,1345,44,5120,3200,551.068,2140,60.5223,60,13.8361,9,3930,66.3225
1,1947,1580,523,39,74,1863,233,13900,4140,750,1500,90,90,10.6,7,8923,57
0,3383.3,2079,1071,42,89,10208,9310,6597,2494,800,3028,81,96,13.9,17.317,6722,66
1,1381,939.512,374,17.7764,44,1506,970,8025,4865,400,650,65,74,17.4,21.8097,6339,68
0,11651,8683,3241.59,50,90,18906,3242,6680,4366.14,600,1299.7,80,87.1602,13.9668,15,7250,65.0667
1,291,245,126,16,49,981,337,8390,4100,350,1500,59.2514,55,21.5,24,4607,62
1,4200,3762.26,942,30,55,4740,1646,14235,6965,600,1735,86,97,14.4,14,10864,80
0,3440,2823,1123,16,44.653,7319.21,486,6198,3320,500,2500,89,97,19.1,6,4362,46
0,1801,1655,819,15.5874,38,3224,436,5840,3138,442.285,2430,76,76,19.1,8,5039,43
1,553,452,228,22,49,1301,275.697,9650,4400,600,1000,57,69,14.9,8,6336,83
1,804,632,281,29,72,840,68,10493.2,4040,525,1189.45,54,74.5027,12.5,37,11751,60
1,5187,3939.87,996.893,3,41.1863,1818,1197,13320,4630,500,800,50,71.8999,17.6,16,6418,51
1,895,548,314,20,54,1174,50,5500,3340,600,1600,68,75.8621,16.1,13,6078,65.0671
1,346,274,146,51,65.3491,704,63,9900,3670,630,1818,68.7981,59,10.5,14,8095,66.999
1,2478.89,1951,685,56,66.054,2371,375.84,13440,4048,546.765,1242.13,83.5546,95,12.7478,28,12940,82
1,2464,1908,678,24,49.8849,2693,691,10500.3,4280,500,1380,71.4285,77.4692,13.3,18,7711,65
0,1110,930,332,13.7842,36,1323.87,374,8180,4356.11,500,500,65,78.1672,15.2,12,5664,29
0,668,534,237,19,39,1306,258,10253,4406.07,482.318,1100,67,67,20.1,26,6786,74
1,738.946,726,294,27,51.9711,1271,43,10476,4130,400,1050,53,53,13.5,23.2811,7136,52
0,5653,4326,1727,17,29,9528,3822,10800,4210.6,580,1050,83.6471,96,19.3,7,6751,46
1,7875,5062,1492,38,59.1528,5471,1470,17450,4474.31,700,950,92,93,7.6,15,14745,65.4825
1,727,693,286,30,53.9575,1063,48,8100,3950,550,550,73,76,13.3249,28,7508,55
1,5960.34,2881,544.289,71,75.8461,5881,406,11036.7,7131,670,1700,91,92,7.2,27,19635,95
0,7837,4527,2276,45.4828,99,8528,654,6489,4266.34,595.111,1164,92,92,19.3,33,11271,70
0,3306.09,2341,1694.3,9,24,7732,9054,6744,4337.98,720,3450,87,89,19,19.2296,7762,34
1,348,281,127,12,52,1095,785,9150,3950,451.858,800,61.9459,59,12.2,27,7348,76
1,3596,2466,575,42,78,1944,46,19964,4328,528.258,1189.32,94,95,12.1,32,14720,83
1,633,694.156,284,10,27,823,793.599,6120,4378.34,531,1830,64.2976,75.9806,27.6,4,6081,36
1,1886,1524,526,31,51.5158,2523,296,13000,4450,530.495,2400,78,90,13.9763,23.4352,9553,69
1,674,565,325.653,25.652,54,1225.38,39,12200,4070,400,1200,73,82,14.2,22.8804,9226,66
1,1041.8,396,221,26,51.9281,910,235.169,9420,3730,600,1230,51,72.9891,9.9,46,10270,72
1,1151,813,248,40,64,961.702,80,15588,6174,595.685,1200,80.536,90,11.8614,34,16623,77
1,548,428,288.34,18,46,906.639,113,8958,3670,300,1000,53,59,15.3,26,9798,64
1,555,414,210.074,17.4363,41,996,727.883,9100,3100,550,880,63.2019,61,23.6,20.9947,5609,47
0,5165,3834.44,1561,20,60,8234,1424.02,6108,3800,495.712,1263.73,64,66,13.0614,9,7841.69,57
1,780,628,198,7,39.5512,1228.47,42,11750,2700,400,850,77,83,14,24,6475,76
1,608,494,176,10,41.4962,649,314,8330,4407.9,550,1300,64,80,13,31,7949,39
1,510,387,194,20,46,771,53,10310,4530,400,800,57,61,12.5842,16,8222,60
1,2039,1389,432,27.3039,50.9975,1333,30,15688,4618,400,400,82.3114,92,9.5,54,18979,83
1,2491,928.808,573,57,88,2213,35,10251.3,3048,525,350,66.6615,65,18.4,18,4957,66.2671
1,1202,1054,352.902,18,44,1410,524.776,13404,5160,450,1210.73,78,80.259,12.9681,30,9114,65
1,1709,1385,526.403,36,72,1394.79,50,14125,3600,509.933,700,79,89,12.5,58,9907,80
1,380,237,104,24.8924,56,716,1108,11000,4305.53,500,500,77.7361,76.1165,7.8,23.0377,7483,96
1,3140,1456.6,454,40,82,1646,24,19700,5050,532.574,1176.12,91,96,9.6,60,17761,91
1,1061.41,825,328,34,73,1362,102,10323.1,4194,450,1241.97,89,93,13,33,10296,65.0839
1,817,644,307,20,40,945,1,13218,4773,445.312,600,95,87.6178,11.9347,53,12263,69
1,7178,3755,1433,23.9476,63,4623,740,7161,4255.02,600,2000,60,64,14,9,6791,70
1,1006,837,317,33,65,1024,15,8200,4396.53,500,1200,84,84,10.6,26,9248,64
1,467,424,350,16,40,1365,881.838,6300,2980,700,2140,75,79,13.2044,10,7855.63,65.0746
0,1721,1068,806,35,75,3128,599.134,5504,3528,700,910,71,77,17.7,37,7121.51,66.5636
1,2083,1725,430,22,48.8938,1464,67,17480,4780,500,700,75,87,12.3,32,11625,73
1,10596.2,4063.31,1606,90,100,6862,320,18485,6410,500,1343.45,97,97,9.9,52,19402.2,100
1,1377,817.66,178,95,100,654,5,17230,6690,700,900,100,100,8.2,46,21569,100
1,817,708,262,22,52,935,437.063,9376,3272,547.89,1209.9,57,63,13,17,7335,52
1,823,721,274,52,87,1419.69,387.554,8800,3195,612.646,1200,82,99,13.1,26,8588,63
1,920,745,347,29.2301,66,1133,394.394,11090,4700,576.125,750,80,82.5672,12,31,12639,79
1,922,729,347.206,33.0763,66,1000,275,14067,4560,400,1000,80.717,95,10.6,23.6063,11258.2,79
1,2688,1886.82,500,26.2363,53,1792,5,19029,5841,600,600,99,99,12.1,23.7389,13040,79
1,7428,5104.74,1349,23.2747,63,6534,1350,11600,5920,1000,1000,81,90,13.9,10,10093,60
1,602,498,215,26,58,1103.23,364.621,13470,5515,500,850,78,91,13.6813,48,11093.8,64.2038
1,1496.89,565,324.622,36,64,710,399,13960,6040,450,1240.31,82,88,14.4,34,12434,64.9251
1,1712,1483,624,37,69,2505,208,12275,4293.11,465,1100,72,81,12.5,40,10107.3,72
1,949,854.755,302,30,70,1210,26,9990,3550,500,1500,85,90,15,24,8187,65.0244
1,608,520,127,26,47,538,126,8080,3920,498.701,1100,63,72,12.954,9,7703,44
1,406.682,430,125,22.917,46,488,43,9950,3920,300,1300,72.6299,76,11.8,22.6242,9466,47
1,600,197,124,3,9,392,337.433,7260,3090,531.136,1840,31,35,12.9,21.9057,9249,64.4735
1,723,871.391,420.593,12.7983,30,951,316.309,7800,4000,350,1500,36,44,22,4,4923,84
1,607,1012.95,269,22,46.3258,1222,519,10500,4348,552.056,1500,81,91,11.6,29,8324,75
0,894,787,262,28,63,909,28,8050,4412.02,600,1000,75,75,15.6,30,7348,65.2857
1,1756,1360,478,26.7764,49.4836,1911,626,14550,4620,514.145,700,80,88,12.3,26,12851,64.2238
0,8681,4756.07,1851.78,10,35,8659.15,1510.81,7799,3403,537,2605,77,84,21,22.3217,5569,54
1,3050,1342,471,55,86,1888.53,23,14360,4090,400,1252.46,77,92,12.9,34,9605,64.1212
1,268,253,103,18.2192,44,494,1305,10000,5364,500,1000,56,64,11.2,22.0733,8964.74,69
1,2156.11,1525.15,386,16,49,1685,556,8840,4689,750,2775,67,76.9919,11.4,21,8778.99,95
0,5659,4761,3147,10,31,8596,1949,9765.82,3706,600,1299.34,72,76,16.6,8,6996,40
0,16959.4,13243,5873,25,72,24763,2717,9766,3990,600,1173.34,77,88,21.3,24,8686,68
1,735,423,366,20,66.031,2448,707,9210,3782,289.267,1522.85,32.2588,51,39.8,19.8617,4009.1,76.7885
1,4892,3783.84,913,13,33,3906,1446,10690,6790,570,1150,66,83,16,14,8107,65.5486
0,8427,7424,2702.01,26,59,18676,1715,7550,3224,640,2055,81,88,19.2,22.4865,7109.44,65
1,7259,5526,1368,23,52.5967,4992.37,166,14424,6192,634,1000,58,81.5059,11.5,25,9812,64.7518
0,10139.7,5285,2082,30.5026,72,9652,742,7994,4544,500,732,77,81,17.9,24.1196,7093.37,98
1,569.264,410,262,14,41,828.834,349.291,7620,3050,400,400,51,53,17,21.5684,3186,54
0,2957,1423,691,10,30,3817,1394,10406.8,4800,400,1500,63,67,14.9,10,8367,26
1,605,405,284,24,48.7112,961,99,6398,3672,400,1216.55,68,68,13.3,19,8118,75
1,2421,2109,519.708,27,57,3168,544.409,11700,4331.73,600,450,89,90,14.5,28,7738,89
1,8474,3446,2696.35,75,93.8519,3566,1569,18800,6740,500,1040,94.4729,97,4.35586,38,56233,90
0,833,669,279,3,13,1224,345,7656,4690,500,624,80,79.8955,13.638,15,6564,36
1,313,228,176.669,16.1705,30,552,575.629,9414,4554,466.699,1700,63.0401,55,12.5716,22.1646,7840,56
1,1005,859,298,36,55.8432,1075,43,14850,4460,490.364,420,82.4759,97,12.7,37,12067,80
0,5880,4075,1707.03,22.2342,50.5917,8722.64,2246,6995,3120,600,2000,76,86,18.5,22,6122,54
1,589,575,148,16,40,474,258,8400,4387.12,500,1289.87,63,55,12.4,22.7596,6535,68
0,3121,2446,883.667,5,19,3480,776,7870,4157,500,1150,73,73,16.1,13,6195,61
1,863.792,497,175,20,49,1125.19,377.622,10400.6,4150,500,1300,57,65,12.6647,32,8657.69,62
1,2212,1538,408,44,75,1445,1,19240,3690,750,480,95,86.6798,11.1,23.8666,11879.3,88
1,461,1115.04,174,15.7572,43,1072.59,321.987,9600,4550,600,750,55,94,13.3,43,7863,51
1,1456,1082.48,378.655,20,45,500,541,10910,5160,400,1795,70.3364,74.7819,15.6,37,7649,64.5089
1,355,300,142,34,54.0458,509,44,10012.1,3350,600,1272.45,65,68,13.4071,25,8423.46,65
1,1040,845,286,48,77,967,24,15747,4062,516.723,800,81.7304,95,12.7,33,13224,79
1,361,321,185,10,40.4839,650,819,8842,4782,600,1173.95,57,69.9712,14.2,14,7022,61.6326
1,2324.53,1834,622,20,56,2738,1662,12600,4308.72,614.532,1216.08,90,90,15.1,9,9084,84
1,4010,2402,572,36,59,2018,226,18730,4384.14,600,1000,93,89.2251,10.5,38,15365,92
1,544,399,177,15,35,600,363,6987,3585,750,1500,77,83,12.5,12,9067,75
1,979,638,271,31,70,968,20,16880,3970,920,1320,91,94,10.7,23.7194,15687,77
1,497,452,231,15.0659,47,887,1957,9400,4005,500,1000,49,65,17.2,25,4054,57
0,2336,1725,1043,10,27,5648.51,4058,4752,4173.68,508,1463,48,68.8254,18.4,12,5879,26
0,831,538,347.363,15,35,840,325,5170,3430,600,1590,61,61,16.1,22.5195,5531,60
0,1166,1009,510,9,33,2074,341,4938,2987,528,1702,71.7188,77,17,22.8929,5544.47,51
1,1243,947,324,50,77,1808.33,74,10368.7,4354.41,525,975,76,82.882,12.3071,22.7465,13965,77
1,1470,1199,425,35.6501,76,1574.91,558,11040,4840,400,900,79.7074,92,13.3,28,9850.9,94
1,1386,1060,320,28,56,965,502,13850,4395.49,459.563,1125,84,81.8842,13.729,30,10259.5,85
1,6397,4304,1092,40,84,4298,132,10932.8,5580,750,1130,77.9197,99,12.0684,22.8822,14665,63.5742
1,979,1035.71,259,25,46,1385.11,166,10100,4333,400,1000,88,92,12,20,8539,66
1,244,198,247.214,12,33,1134,336,11700,5300,550,1260.66,71,88,27.8,18,8694,58
1,477,417,204,29,54,1532,77,10302.6,4240,600,1278.22,58,70,20.8,23,6863,56
1,2774,2092,482,35,64,3190.89,59,15800,4790,458.798,1251.51,97,98,12.3,23.0157,13151.6,69
1,1154,1050,395,12,31,2192,1423,10560,4185.68,500,1200,36,67.1847,13.2833,10,7701,61
1,787,630.522,363,21,55,925,605,10151.1,2890,493.568,1220.9,65.0846,72,12.8655,35,8992.52,53
0,1660,1091,583.256,15,44.8425,1196,1203.31,4818,4428.15,510.957,1400,71,72,13.2196,8,10912,62.6302
0,810,484,356,6,33,1870.33,191,9200,4800,571.504,1265.5,65,85,24.1,9,5775.62,64.2809
1,2549.2,1188,505.985,48,63.9028,1990.83,840,13380,4210,500,900,89,91,17.8,34,8747,66.2627
1,900,473,217,22,49.657,621,11,4400,3400,800,900,78.2233,93,10.4,16,9268,92
0,3570,2215,651,25.4523,51.6586,2779.66,762.527,7352,3620,225,500,68.5423,55,16.1,14,6374,63
0,2765.2,1870,724,12,47,2874,118,7920,3962,550,2200,74,76.5735,18.4,23,5705.49,64.1799
1,1641,1283,341.766,20,39,1663,170,11200,4000,500,1289.44,61,62,14.2,24,7578,70
1,2013,1053,212,33,61,912,319.089,5150,3036,500,1655,64,74,12.6098,22.2182,7547,59
0,5996,4993,3079,29,57,16269,3757,5925,4082.02,600,2242,83,87,15.9,22.3764,6741,63.7417
0,2397,2144,1525,22,45,6720,1750,9641.44,2325,618,1656,66,75.5431,20,13,4546,45
1,4076,3137,738,23.0108,54,3010,184,10965.1,6300,600,900,86,88,14.7,21.9399,9448,80
1,2744.49,1692.21,753,42,64,1971.88,436,13592,5916,498.846,1328,84,84.9465,14.2,10,11677,65.4239
1,1891,1698,719,24,80,2740,761,11100,5870,600,750,77,88,11.7,14,9456,53
1,3579,2959,868,25,50.3932,5244,3417,11500,4316.95,700,2000,94,95,6.2,15,13009,65
1,1549,1392,587,38,72,2269,85,13240,3560,600,400,73,85,13.8,38,8949,77
1,1286,1005,359.161,16,37,1363,74,13900,4300,500,900,75,81,13.3158,32,8986.69,72
1,1756,1500,366,3,21,1524,280,12450,4393.01,450,870,62,66,12.4,24,8338.83,65.9334
0,535,502,223,6,41.106,959,731.076,7320,4640,500,600,69.8684,65,12.6,24.037,7114,51
1,2939,1496,452,56,86,1723,330.54,15909,4772,500,700,85,91,12.1685,37,14213,77
1,814.219,841.838,177,12,43.8325,628,63,9620,3750,502.428,950,49,55,12.9091,33,10642,65.1194
1,874,758,428,21,46,1605,246,10684.6,4358.36,450,1200,42,45,17.6,16,4796,55
1,968.168,802,239,23,63,909,51,10440,3850,525,1218.31,63,76.1653,11.8,20,7940,64.0207
1,2432,1730,563,20,63,2578,254,12370,6800,500,1800,92,84.8347,13.6,25,10062,65.5876
1,962,750,212,21,54,830,150,14700,6550,450,1190.55,97,97,12.9368,24,11291,70
0,3073,2672,1547,9,29,7558.91,1792,4300,2643,540.582,1660,57,72.7313,19,11,5801,68
1,824,670,324.915,15,41,1160,653,10348.1,3400,500,1100,37,37,12.3287,21,7111.59,59
1,1611,1469.56,342,27,50.2123,1089,405.499,13850,3920,470,1182.43,80,97,13.7888,30,10223,96
1,4731,3171,830,14.176,31,3557,658,10999.3,4301.82,610.032,1200,74,81,17.6,34,8408,67.3194
1,5152,4600,1685,36,71,7016,882.803,10779.3,4760,600,1950,86,94,13.5,23.1161,9982,64.1092
1,4226,3666,1226.26,14,60,7703,2339,5094,4188.82,838.567,1560,77,86,16.6,10,6203,50
1,499,441,199,26,52,846,377,11200,7400,600,1203.17,66,79,6.8,50,13910.5,63.8232
0,3355.27,2178,756,39,78,2997,736,6490,4942,650,2102,75.2661,75.8012,17.6,30,5358,84
1,478,327,360.911,9,34,1413.76,370,10021.3,6450,593.103,1075,71,93,10.3,30,11793.6,77
1,1753.98,535,239,21,47.7084,1560.39,289.021,10200,7000,350,1100,63,76,11.7,20,10622,68
1,941,772,214,10,30,1247,776,11390,5280,513.874,750,77,82,10.6,22.8868,8575,64.9448
0,1464,888,176,20.7993,52,624,128,11200,4208,500,1642,80,90,13.5132,43,8317,51
1,549,397,169,26,51,1343,231.192,9250,4550,425,1350,52,58,13.1,13,5925,61
1,1107,859,323,13,51,1452,402,11040,4393.39,600,1242.62,65,76,11.8,30,9034,66
1,6411,2497.18,694.138,96,99,4481,28,20100,5975,725,1600,99,94.3743,10.1,35,33541,94
0,732.705,882.91,153,5,12,658,58,4486,2516,600,1900,68,68,15.7,11,6971,51
1,1002,555,119,16,45.0333,836,684,7680,3740,500,800,70,76.6234,17.7,21,6652,52
1,1053.28,411,440.722,25,50.2639,1530.42,1022.53,9932.46,3452,494.32,1525,57,64,13.7962,11,6383,32
0,420,556.632,93,11,32,1280.53,426.766,7950,3750,516.39,2740,54,54,9.8,45,9754,48
1,2286,1668,564,37,70,2943,1260,10568.6,4081,657.136,1500,93,95,12.6744,15,8995,91
1,1557,1074,265.821,19.1745,40,1805,433,9813,4050,425,1286.03,66.5322,63,16.7,29,7307,78
1,857,772,306.784,28.7811,50.413,1721,470,6720,3250,450,1520,77,82,13.9,33,6881,82
1,1981,1541,514,18,36,1467.1,1084,12500,6200,375,1000,71.7965,75,12.3492,21.9119,8707,80
0,1584,1413.71,891,9.63375,18,3471,741.33,5016,3798,540,1361.1,48,48,14.2462,12,3871,66.0147
1,1742,1382,607,30,64,2258,53,10300,5080,475,1200,68,75,14.1,30,7762,89
0,10607.1,7788,2206.38,35,39,13606,807,8856,3960,500,1382,81,89,17.6,20,7846,85
0,18114,15096,6180,23,61.0814,26640,4120,10658,3734,504,600,93,95,14,9,10520,71
0,2618,2288,1032,42,61.6527,5524,414,8127,4540.84,900,1200,82,82,17,25,7473,66.5795
1,353.547,331,225,15,48.7231,1100,166,6840,4660.89,1100,4913,44.4105,33,15.4,20,5524,49
0,6011,3075,1382.54,22,60,5146,1532,7844,4350.24,450,1258,72,74,16.8,20,7832,71
1,610,461,189,26,52,685,49,8200,3300,550,1000,66.3609,69,12,16,8128,64
1,1444,1261,456,29,62,1363.16,95,11910,4378,450,965,60,77,11.4,23.0629,8149,75
1,905,834,319,32,61,1073,179,11320,4402,550,1350,70.8829,79.712,12.7,38,11218,58
1,1434.05,1088,554.057,36,69,1773,884,9998.38,4465.16,1000,2075,35,46,16.7,23.1623,7140,65.0997
1,1866.5,1451.08,489.027,36,57.6352,1695,721,5580,2830,600,700,77,79,16.5,23.2456,6170,66.7827
0,4255,3277,1609,18,57,10094,1621,9866,3084,480,1258,77,77,15.9,20,6223,53
1,1348.16,1307.59,380,19,46,2192.07,1014,9949.4,2217,600,1500,49,54,15.8,8,5704,63
0,1576,1326,892.122,17.0706,50,3689,2200,3840,2852,465.765,400,52,54,20.3,21.1066,5508.09,65.0453
1,794.271,983,316,5,35,1057,175,8550,5050,400,900,67.6681,75.7777,17.4,16,4333,65.2319
1,601,503,204,28,52.0094,671,11,13000,4100,440.295,460,91,91,11.6,43,11087,56
1,2707,1938.9,678.889,14,34,1893,1121.31,12480,4371.47,530,1740,70,78.2688,14.2,15,9492,54
0,572,544,320,29.0934,72,1470,416,6073,4412.31,550,1400,74.0567,71,14.0462,31,6112,74
0,3500,2836,1779,15,42,8730,993,5552,3710,550,2300,75,78.3959,17.6,8,5764.71,63.8634
0,2669.7,2128,865,19,53,4878.13,3186,3648,4213.81,700,950,82,87,21.5,9,6717,58
1,263,223,103,10,24,316,20,8438,3372,500,2958,53.9688,50,11.1,4,11989,15
0,2442,2164,1189,12,37,5983,1075,4426,2664,600,1000,76,81,18.1,19,4795,60
0,1232,955,495.014,26.5995,58,1241,485,10524.9,4730,550,1229.16,78.7515,92,13.4164,28,9566,74
1,3708,1678,722,41,66,2852,229.763,7050,5490,250,600,73.8114,74,17.8,10,7094.23,83
1,586,533,239,16,36,950,228,10520,4368.36,500,1245.57,65.929,68,12.9241,32,8595.26,65.8111
1,519.789,730,330,2,13,1384.34,12,4515,2550,850,2100,53,60,12.9566,34,6990,69.0103
1,1800,1314,526,47,79,1524.14,40,19300,5700,750,1244.51,79,91,9,51,18359,65.8845
1,279,276,126,17,43.8488,600,435,6844,2980,513.598,500,45,67.9465,11.7,23.8238,5073,44
1,235,217,337.408,12,32,931,496.38,8950,3119,550,1125,51,69.569,10.7,26,7016,62.5981
1,368,317,159,19.6858,49,806,336.546,10500,4299.39,658.777,2285,44,65.3111,11.3,30,6695,60.9023
1,381.263,284,95,16,33,364,298.666,9900,3650,494.272,1200,32,37,13.6,22.7904,6525,64.9727
1,1321,1159,447.863,16.5033,36,1243,567.6,12850,4342.91,550,900,77,82,12.8,36,8536,80
0,1170,1077.38,238,14,48,1951.45,429,7470,4600,250,1185.35,74,75,15.3,23,7632.56,88
1,657,537,113,37,90,1039,466,12474,5678,571.902,1278,53,71,11.9,19,10613,72
1,1310,1086,458,26,61,1365,144,12250,3530,400,1150,85,87,13.6803,23.2128,8788.5,81
1,510,485,189.432,17.1026,36,1114,94,10216.8,3346,382.871,600,61.2139,57,12.9218,7,6869,58
1,2519,1589.73,462,30,61,1656,352,16975,4373.84,600,850,76,86,12.8,39,10888,83
0,2225,1910,1190,18.7376,55,3927.39,955,9924.17,3110,433.257,940,72,76,20.2,27,5972,52
1,1281.66,922,375,24,49.8945,1115,70,13240,4439.82,600,1264.48,72.1833,77.1863,13.4,27,9333,64.7368
1,513,347,321.893,23,52.0822,2508,714.886,9090,4500,499.008,500,62,65,18.3,2,7067.23,71
1,947,950.196,266,36,68,1274,319.814,10850,5150,550,800,78.3674,93,13.6,24,8797,61
0,1879,1216,483,25.9739,50.4387,3311,1646,9862.78,5376,700,1850,92,98,13.5,19,12529,72
0,787,601,450.457,40,73,1017,944.732,5376,3214,600,1100,83.2111,100,13.7,11,9241,34
1,13594,7244,2115.8,70,86,9105.44,2814,17748,7262,450,1000,87,98,7.8,16,20891.3,71
1,472.1,722,154,18.1004,36,601,36,10194,2600,355.799,1500,66.8931,63,11.4,23.112,5788,83
1,2220,1796,467,65,99,1919,303.914,10320,4762,450,650,83.9467,100,13.7277,20,7788,65
0,1563,1005,474.614,1,19,1380,136,5542,4330,404.814,1000,65,71,14.2,17,6562,57
0,4809,3089,1429,12,33,5812,871,6806,4411.76,600,1305.84,66.8321,72,16.7,9,7090,44
0,10634,7064,3176,39,78,16505,5481,9939.69,6540,600,1283.19,92,98,17.5,21,9670,62
1,812,689,195,7,24,1281.08,84,8242,4230,600,1295,77,77,12.7,11,7589.25,66.1018
0,1537.9,884,308,30,64,1310,256.016,11718,7398,450,1800,73,87,16.4,33,8871,62.1449
0,2968,2297,1610,23.088,53.081,7368,1128,5834,2744,600,2000,79,83,17,24,6310,42
1,465,664.111,176,17.864,39,879,156,12580,4345,400,970,75.7622,79,13.1,24,10889,74
0,7311.89,4577,1620,36,57.2101,5640,579.51,4856,3416,400,1264.8,69,79.1469,15.7,13,6601,76
1,9028.48,6963.39,2517,16,42,11160,992.286,13380,7425,600,1750,73,82,12.9,17,11365.2,46
0,5891,4931,1715.59,23,48,11249,1618.71,6746,3728,620,2342,78,83,21.7,7,6157,41
0,10706,7219,2397,12,37,14826,1979,7799,3296,470,1750,72.7295,78,17.3,24.4295,6086,56
0,2729,2535,941.851,8,41.3444,4005.73,472,3735,3136,250,1630,62,65,21.7,23,5284,54
1,616,514,385,20.1558,52,1115,611.249,10205.1,2820,450,822,59,59,13.5369,22.5308,6261,58
1,621.051,811,366,22,56,1040,52,9900,3075,300,1800,68,68,14.9,34,6357,68
1,12289,5924.8,1902,85,98,7450,784.93,16404,5520,759,1585,96,100,6.8,23.5792,26385,92
1,1884.21,1625,626,8,42.2063,1862,382,14134,5270,500,800,71,74,13.1157,22,9209,63
1,379,879.385,107,15,37,500,311,9990,4900,400,600,44,69.8258,12.1,26,4948,33
0,3041,2581,1173,16,56,6441,3982,10048.4,4234.46,400,650,84.1028,90,13.5752,13,8902.9,53
1,3999.17,2767,678,50,89,1926.72,120,19670,5820,575,1190.49,80.7431,96,12.1721,47,16593,83
1,2324,1319,370,37.8236,81,1928.9,35,16560,5140,558,1209.01,74.6783,80.6478,10.5,23.8822,16196,79
1,792,649,186,56,87,1276.3,377,12900,4340,600,1267.33,91,95,13.1,27,8568,67
1,2936,2342,669,35,62,2502,66,15990,4080,600,825,70.8996,80.4805,14.5,22.6689,9307.98,83
0,11023,6355.09,3183,21,58.3001,13054.6,1310,7629,4095,550,2300,79,87.514,12.5524,13,8811,64
1,2190,1700,458,28.6841,65,1780,48,16732,5650,550,550,93,93,12.1,32,12011,65.1218
1,1306.14,681,484,35,59,1760.09,705,5390,4251.67,515,1290,63,76.2827,13.6219,18,5511,63.5558
1,776,765,351,22,51.3512,1419,581.31,6400,3150,500,1900,58,73.0884,16.2,22.0027,6578,45
0,4522,3913,1790.72,29,57,12830,1658,5336,3344,561.314,3100,84,83.4411,15.3,14,7137.27,48
1,1496,1205,428,26,50.6813,1648,936,12888,4440,420,840,62,68,13.9,30,8802,87
1,849.786,773,450,31,73,1435.78,61,6530,2800,538.568,1500,68.8302,78.541,13.3623,22.7394,6413,65
1,2308,763.817,295,22,46,1202,942,8530,3644,616,1576,63.2579,64,13.1123,22.7284,7114,66.9249
1,5865.59,3750,1522,26.3464,70,5809,4379,11000,4171.42,660,1115,90,95,12.4132,10,10059,64.096
1,2131.8,1392,504,31,52.5329,2580,500.733,10425,4420.84,600,1516,78,78,11,22.6454,9431,83
1,1038.21,668,385,23.8034,48,1316,655.899,11925,4423.24,630,1254.04,77.5648,87,12.3,22.7323,9157,64.0863
1,943,849,288,41,59.2088,1041,35,14210,3994,450,1100,76,76,10.9,22,11216,42
0,944,774,440,14,44.5949,2174,529,6360,2760,550,1498,77,77,15,5,6443,48
0,19315,10344,3693.52,48,93,18071.1,2025,11178,4060,512,2394,77,96,18.1,19,8992,63
1,3821,1976.57,680,86,96,2488,452.425,18200,6770,522.155,700,95,98,11.6,13,16185,66
0,701,501,458,10,40,959,457,9312.38,2624,500,900,48,66.0927,14.1201,24,6482.89,62.2019
1,405.584,651,159,11,25,654,162,8640,3700,400,1915,62,62,12.2,13,7634,48
1,1538,1259,468,17.1634,42,1971.55,1042,11690,5062,600,1281.86,74.1271,80,12.9,15,8028,68
1,692,576,298.292,20.0501,50,909.376,83,10500,3860,458.255,940,58,64,11.6,19,8990,39
1,419.335,562,127,20,40,641,63,5640,3620,600,750,89,89,13.2,17,7309,31
1,404,400,230.935,18.2741,48,797,100,6000,3000,500,500,48,57,13.4,23.1274,5557,61
1,1133,630,220,37,73,750,30,17688,4539.91,650,850,100,88.7577,10.4,11,14820,73
1,809,687,428,20,43,1447.47,799.414,10178,4190,800,750,71,79.8109,16.1,19,7895,66.5379
1,875,744,207,24.022,55.0316,1173,1402,9700,4830,400,1200,45,90,14.5,10,7858.77,66
1,1132,847,302,58,69.0768,1379,214,16200,4200,436,2486,78.8704,90,10.4,14,11296,62
0,3228.46,2234,1061,10,22,4564,1104.67,4290,3500,598,1582,55,93,19.4,1,5967,35
0,1082,832,302,27.7102,63,1744.41,30,11859,3635,554,1429,80,85,14.0706,42,9614.95,85
1,13218,2042,1153,90,98,5379.8,146,19900,5910,541.163,1575,91,96,8.4,23.0092,28320,66.4612
1,5139,3346,973,20,50.4825,3717,1358,14400,4294.6,450,1100,66,74,18.4,35,8135,96
0,21804,18744,5874,15.3325,60,26213,4065,9556,4375.99,570,1060,86,86,18.2,15,8604,62.8468
1,516,392,154,32,54.9424,1336.26,549,11020,4970,610,1900,73.7911,75,14,36,9315,58
1,1025,707,297,22,66,1070,72,10393.4,4140,450,1195.99,68.7879,71,16.3,22.9753,6880,80
1,3712,2909.07,777.618,17,45,2677,714,12030,6140,1000,500,63,73,12,23.8527,10979.6,66.5945
0,5702,4894,1742,15,37,8077,862.836,6684,4110,500,900,67.2657,83,13.3639,9,4519,62
0,2088,957,362,6,40.7967,2745,1938,4449,4860,600,1190.19,74,76.1027,14.0164,8,7333,47
1,1771,1262.46,450.074,21,46,1071,443.44,13840,3735,400,1192.76,77,80,10.7,38,11080,74
1,1122.55,616,169,35,66,653,56,13970,6110,370,920,83.897,97,9.2,23.4297,16358,62.1311
1,1966,1436,327,47,80,1199,61,19960,5490,500,450,90,90,11.8,37,15886,65.9425
1,427,385,143,18,38,581,533,12700,5800,450,700,81,80.7733,13.1578,37,8848.76,84
1,6063.16,4165,853.634,53,82,3323.17,16,17475,5976,1230,1100,94,98,13.0504,21,15605,70
1,2302,1247.3,391,58,69.551,1345,409.801,15200,4768,550,1500,77.1155,79.6523,10.8,47,13388,66.2765
1,3586,2388.43,653.809,17.9138,31,2748,1309,13250,5420,700,3100,84,92,12.3,23,11150,70
1,587,501,211,28,52,735,28,15200,4382.4,350,650,87,90,9.4,49,12472,64
1,484,556.729,141,6,28,590,1196,9870,4860,502.476,1100,62.4928,59,12.2,19,8595.41,81
1,2227,1181.71,437,27.8077,54,1460,239,13425,4425,450,1254.13,85,82.2924,13,23.6256,9405,64.9001
1,935,858,345,22,46.4029,1127,306.144,9490,4100,500,1160.03,60,79,14.0664,21,7519,79
1,560,392,270,11,31,1760.7,636.304,8734,3362,600,1261.72,56,72.4343,11.3,23.0907,6422,68
1,1731.83,2804,679,10.6464,20,2111,350.971,10939,6050,500,730,44,54,16.4,8,7152.39,61
1,1833.89,1151,382,24.8855,55,2271.43,1052,9798.66,4491.38,955,1315.9,81,85,13.3,23,10621.4,66.3739
1,434,321,141,28,53,624,288.856,10950,4600,550,950,79,82,13.236,30,8981.13,81
0,3820,1431,695,21,70,5303,3942,9923.16,4830,800,800,76,81,22.1,6,7252,51
0,13383.6,8766.35,4520,36,79,21401,1852.6,7410,4094.53,690,2009,81.698,95,19.5,19,10474,77
0,3366,1608.77,232,27,79,2585,1300,7411,4748,690,2009,75.2006,77.0694,18.6,12,10134,57
0,5785,2949.32,499,26,51.0937,4005,1886,7410,4434.09,690,2009,90,95,17.4,16,11878,64.0983
1,2307,1896,509,19,51,1707,285.775,11070,5780,400,600,71,79.0851,14.8,16,7120,82
1,897,652.904,276,20.3993,48,1345,368.246,10450,4020,522.791,1500,56,56,14.1,22.5085,7444,70
1,2095,1553,514,15,40,1679.46,94,12950,5400,549.671,1120,70,79.4174,14.5,29,9089.32,64.8718
0,3971,3306,1921,13.3829,34,8333.69,2206,4259,2625,350,1269.18,70,75,18.9,10,4629,64.5673
1,213,166,318.661,13,36,513,621.578,9984.97,3820,450,1000,43,66.3535,12.5,4,7393.41,48
1,1046,824,309.861,21,46.929,1223,451,10880,4367.68,400,1235,64,64,19.3,22.9042,7344,69
1,933,800,444,18,47.319,1691,72,10314.8,4081,500,600,74.5416,85,12,38,9853,70
1,920,1278.35,406.46,24,49.1614,815,222,11200,4250,600,1232.04,55,60,14.8,19,7360,65.1062
1,833,682,217,12,33,716,567.565,10549.8,4370.47,500,800,53,72.3513,27.2,8,4817.14,85
1,3145.08,2003,776,39,60.7115,2473,281.062,12750,6350,350,1690,76.9007,90,17.4,13,8243,83
1,1387.91,1098.17,96,20,52,543,712,12200,4600,650,950,87,90,11.2,23.1373,8680,76
1,3294,2855,956,27.3701,67,4576,1140,11690,4730,800,1240.85,84,94,4.6,19,18367,67
1,888,734,393,26,60,1433,27,12730,4336.17,500,1179.88,74,95,13.3831,24.0747,11165,98
0,876,802,367,15.6994,35,1263,118,10800,3600,400,820,72.3815,74,18.8,22.0208,5081,78
1,948.947,130,376.843,23,50,341,768,10181.1,4130,500,1700,44,58,10.2,37,9191.17,75
1,1910,1581.19,463,16,64,1715,535.263,13030,4346.57,500,750,79,88,14.5,22.6017,10190,84
1,2248,1673,482.65,38,73,2888,105,14350,3750,550,550,82,88,10,23.436,12502,83
1,1606,1413,530,18.0706,38,1921,1154,9408,4307.44,500,450,78,80.6914,12.1,21.8566,9058.16,64.4186
1,700,595,278,19,35,1035,242.439,10850,3936,527.462,900,62,64,12.3,31,8534,88
1,785,647,295,15,44.8347,1670,726,10860,4624,600,794,87,100,13.7,15,8953,55
1,489,626.826,120,25.6287,49.1801,790.147,358.273,10575,3952,478.083,620,46,24,13,9,8946,98
1,335,284,324.004,28,69,534,460.377,9993.83,4342.12,500,1189.94,68,74.5737,13.3734,46,9960.39,60
0,4216,2418.98,736,19.3137,52,4296,1027,5130,4375.53,600,1450,73,75,17.9,18,5125,56
1,1680,1395,691,34,76,2959,709.85,8236,3700,569,1233.27,74,75,14.7,17,9533,64.9733
0,9402,7020,2151,20,70,16407,1760.99,8384,5110,612,2400,87,93,13.8834,7,7930,41
1,4488.65,2779,888,40,58.7287,2955.33,128,13584,4385.52,630,1278,75.3452,81.1377,13.9,19,10872,100
1,1380,768,275.136,57,68.2649,1000,105,19300,6694,600,700,89,86.8319,6.1,18,14779,83
1,1109,688,386,20,65,1897,208,8325,5000,1200,1600,70.8719,98,14.7499,26,6874,55
1,584,574.278,131,19,51,521,99,8955,5900,500,1488,51,56,11.8,23,8545,52
1,855,632,139,60,83,569,7,17238,7350,600,800,95,100,11.8086,41,18372,73
1,1183,1016,411,42,82,1922,704,12669,4875,600,1250,83,83.4599,13.3057,20,10368,66
1,2115,1358.34,494,28,72,2076.82,347,10492.9,4375,500,1500,75.5542,85,12.6628,16,10175,89
0,4576,3284.89,1000,14.9949,36,4384,1530,12000,6484,650,1000,81,84,14.4,21.5703,10080,66.622
1,936,673.501,197,24,56,752,240.723,11240,4180,350,1192.49,71,71,11.2,37,10065,71
0,4065.21,3281,1109.22,14,53,5268,300,7844,4440.17,498.948,1700,80,83,18.8,13,6719,65.1675
1,755.234,445,165,23,70,1115,111,10499.5,4399.8,500,2000,62,65,13.2,23.0309,8271.87,58
1,2442.55,1932,628,27.883,68,2669,616,10800,5100,575,1090,71,80.3604,14.1,42,8189,100
1,464,419,183,10,31,686,269.912,9240,3880,475,1090,29,49,7.2,17,9431,47
1,1003,782,313.888,23,53,1144,377.566,16160,6950,500,1200,74,81,8.9,23.6279,14086,79
1,1016,872,300,22.3229,57,1116,602,10472.1,4980,550,1400,66,73,15.8,36,7411,64.0784
1,437,400,211,13,35,614,271,8990,3064,500,1700,73,73,14.8,7,7881,48
1,4293,2728,591,25,62,2322,263,18710,5970,500,1207.05,87,92,12.7,29,14837,81
1,2925,1598,632,51,88,1776.93,95,18820,6390,630.724,1050,85,97,10.899,44,21199,90
0,2807,2589,1701,13,41.4603,5656.76,1103,9478.64,4370.48,457.825,1220.94,62,65,15.2785,25.1489,5084,67
0,2281,3037.87,1408,18,43,6553,1103.19,10442.5,3540,200,1242.58,75,76,17.1,8,5916,45
0,1571.84,700,767.793,20,50,2962,651,3738,2619,446.131,1272.54,55,70.6004,19.6,9,4444,53
1,664.336,340,193,18,38,1353.01,127,10230.9,4124,630,1818,63,65,18.6,11,8219,43
0,2540,2195,994,13,40,6063,934.672,5472,3598,221,2216,76,81,12.3752,8,6462.26,43
1,5304.38,3455,816.765,41,58.8967,4892,734.07,12772,5078,576,1274.78,74,88,13.5,17,12726,64.7679
1,1093,1093,642,13.6322,32,1770,967,10657.6,4322.79,400,1000,52,54,15.9,21.6122,4718,71
0,6118,5254,3204,15,37,13131,1695.27,4740,2590,500,1360,69.4355,79.99,19.9,11,4632,56
0,1047,938,511,13,33,3119.12,546,4285,2750,600,1800,58,71.7181,16.5,31,6591,64.1062
1,321,318,172,11,43.629,620,280,9739.24,3736,430,1651,44,77,13,24.1551,5309,63.2881
1,213,155,240.404,28,66,504,442.464,7200,3532,550,1234.77,56,56,11.8,12,7818,64.7751
1,1130.18,912,352,44,62.0789,1177,43,11850,4442.41,600,1050,76.5413,80.3241,11.3,35,12995,65.1912
1,283,788.594,97,10,41.2634,589,263,8400,4468.06,600,900,50,56,10.6,40,6860,89
1,3713,1708.74,723.585,47,83,1971,107,10326.7,5565,660,2400,73,80,13.6257,23.7928,9988,65
1,517.534,362,181,15,32,931.622,353,8600,3550,385,665,48,48,15.4,9,10938,49
1,1489,1313,332.658,13,45,1688,131,10456,4927,554.298,1050,91,91,12.6564,32,9828,78
1,323,278,175.461,31,51,393,4,10753.8,4317.26,275,800,74.6236,72,7.2,26,15622,64
1,1104.77,1064,354,26.6922,51,1687,677,10570,4357.05,400,800,86,81,14.5,21.8346,8506.81,66
1,2753,1376.85,505,31,56,1733.17,45,10871.8,5730,586.643,825,90,94,11.4816,38,14980,85
1,570.5,165,63,5,25,494,574,10514.1,4270,300,500,43,77,14.5,8,6507.69,40
1,2643,1611,465,36,80,1951.69,248,13332,6354,630,1584,88,85.2109,16.1,22.4736,9619,78
0,1340,695,285,28.6542,48.3203,1315,209,6800,4492.96,425.931,1250,84,89,11.6,24.8504,10357,63
1,1243,1020,414,33,60,2149,418,10422.6,3858,700,1736,82,83,16.2,7,7651,72
1,1501.74,1243,568,30,56,1946,95,10566.1,4450,425,1100,74,80.7449,12.5295,36,8595,88
1,651,907.669,243,8,17,617,34,5000,3650,600,600,45,72.5223,14,8,8426,45
1,861,609,215,10,27,1117,815,8650,5700,500,1750,67.9563,73,16.1,13,6534,67
1,450,405,194,17,34,614,388,13900,4325.11,450,2150,46,68.6484,10.9,17,8668.79,59
1,1557,1227,489,31.301,69,1964,532.65,12315,4565,600,1176.8,85,90,12.5,24,10307,73
0,1542.4,1249,380,46.6223,93,1263,11,10617.3,5680,450,1189.1,89,89,19,33,12837,79
0,3929.09,1579,990.452,27.002,65,4365,765,9109.82,4351,711,1275.12,78,92,15.205,7,5599,64
1,3646,2300,585,25,50.0192,2022,926,10375.9,4354.12,480,800,79,79,13,30,7495,97
0,10219.5,9198,2244.06,16,61,10168,1231,6550,4355,700,1560,93,96,13.1575,16,9075,74
0,14463,7409.75,1757,46.3142,94,8544,671,10289.7,4598,700,1000,83,100,18,15,8907.59,80
0,15039,9649,3087,36,100,13963,3124,9624.22,4731,708,957,90,97,13.6,15,11177,65.1568
0,8453.34,6969,1724,27,66,9744,1351,6550,4712,600,1200,91,96,10.5,7,13705,57
0,7294,3564,1492.74,7,34,5758,1363,6550,4460,500,705,79,83,19,21.9431,6134.57,49
0,8000,4556,1464,17,48.2868,6943,869,6550,4810,500,1500,69,85,22,21,5700.78,63
0,4724.4,3515,1025,8,43.4187,7626,1401.23,6550,4040,550,1230,71,78,18.7,12,6032.08,42
0,7888,3519,1327.06,16.9523,40,5963.93,346,6550,4680,630,1346,82,85,17.8,17,5563,53
0,4877,2798,1083.04,13,48,5418.25,298,6550,4420,620,1481,82,82.5071,16.3,10,7264.36,66.8052
0,8598,4562,1899.24,56,93,5060,146,6550,4170,479.573,650,74.2066,81.8,13.9232,25,5716,76
0,8399,3609,1594.7,21.3412,53,4658,1478,6550,4357.7,550,1500,85,93,15.3,8,6608,53
0,5549,3583,853,24.3049,51.4462,5004,475,6550,4176,600,1380,80,90,17.9,23.6395,6174,65
0,3150,2289,650,16,46.7705,3598,234,6840,4660,500,1000,71,75,15.1,17,6436,59
1,2119,1264,390,5,33,4773.99,1441,6550,4428.98,1125,1297.11,80,100,14.9,8,8728.72,65.5627
1,2096,1512,562.752,27,59,1442,166,16130,4324.98,400,800,83,86,13.9,37,10554,90
1,462,402,227.896,36,68,527,41,14500,6000,500,600,91,99,6.5,48,18953,61
1,10967.4,7260,2442,28,67,10142,117,15150,6870,635,960,73,87.5385,11.3,13,14231,67
1,547.239,183,262.412,19,41,396,38,7850,3410,449.447,1500,63.7923,70,12.6774,15,7763.4,53
1,4414,1500,335,30,60,2843.47,119,5666,2964,1000,1400,56,58,15.5,22.944,5970,68.5145
1,1769,1011.1,437,41,80,1757,81,10965,4000,450,1250,60,61,14.2,32,8128.67,98
1,232,182,99,7,38.693,402,237,7070,3640,400,3158,59,68.8997,8.9,16,6286,36
0,17477.3,10519,6392,49,88.9509,23385,2798,11654.4,3412,600,2144,89,91,14.2417,29,8471,69
0,529,481,243,22,47.8266,1868.83,134,9314.78,3122,340.595,650,103,88,17.4,16,6415,43
1,4095,3079,1195,27.9022,64,5064,660,8490,3320,708.207,2400,81,93,12.2683,21.2239,9158,64
1,915.586,423,215,27,57,895,332.133,7850,3410,490,1700,54,70.9575,13.8,24,7249.38,62.2994
0,4345,3245,2604,15,85,5584,3101,9670.99,3360,600,1700,65,75,18.2,21,3605,10
1,592,1011.01,325.269,30.3341,50.8866,1204,392,6400,4419.76,600,1800,80,83,14.5,22.7896,7936,43
0,1500,1242,611,12,36,3246.28,292,7070,4281.81,400,1215.06,81.8451,94,17.1,17,7744,84
1,1154,951,253,15,31,791,140,11172,4958,508.907,1350,68,79.1032,11.6,16,9186,60
1,845,734,254,10.4985,21,662,351,7600,3800,516.657,1200,59,74,19,40,5096,65.1807
1,759,729,244,57,81,867,51,10900,4450,500,1259.24,81,91,12.1,41,10219,70
0,5042,2312,944,55,94,6034.88,902,5391,4365.6,700,1245.08,81.0207,87,14.0972,24.0411,8504,63.0165
1,1262,1102,276,14,40,978,98,9456,4352.58,468,1323,53,53,12.8,24,7603,65
1,2589.65,1798,413.628,46,62.7319,1737,244,10678.3,4366.29,500,680,91,96,10.4,48,18034,91
1,247,189,100,19,49,309,172.256,11412,6430,500,900,89,93,8.3,37,11806,96
1,222,185,91,16,43.9163,484,541,11010,5208,572.264,500,58,78,13.6633,26,9586,78
1,2425,1818,415.582,62,93,1811.95,95,12240,4366.48,500,490,94,88.7028,9.6,20,14703,66.6605
1,7033,5125,1157.85,47,75,4941,1534,19040,5950,350,1179.83,98,98,9.1,21,16920,65.4167
1,626,728.361,145,12,34,983,40,7700,4362.24,450,1282.41,70,76.3138,21.9,28,4933,52
1,1269.42,1827,611,20,59,2825,144,6735,3395,600,1425,70,74,12.2,21.9368,10872,65
1,484,384,177,9,45,634,504.352,7800,2950,500,600,60,88,13.7589,9,6864,64
1,3495,1712,528,49,84,1915,123,18732,6204,450,1024,94,96,11.5,49,15411,88
0,4800,3315.01,1695.13,14,48,7764,1472,6874,2394,483.076,1890,73,78,13.5782,14,5901,56
0,1797,1260,938,14.1991,35,6960,4698,4440,5175,605.641,2200,96,96,6.7,16,16352,33
0,3235,3108,2133,25.9562,65,9978,1530,5028,4115.13,500,2000,73,89,13.4051,10,6820,63.4605
0,19873,8252,3215,95,100,19532,1015.14,11648,6246,636,1511.58,93,97,13.546,10,13919,68.2014
0,14720.8,10775,2478,85,100,12677,973.192,12024,5302,790,1818,86.2519,96,16.1,24.8921,15934,62.4999
0,5539.23,2959,1976.28,25,60,12330,7152,6618,4234,700,1600,80,98,22.2,9,6602.33,46
1,682,535,204,22,43,771,611,9500,3540,400,750,26,58,2.5,10,7683,57
1,6348,2999,922,68,94,3340,39,18930,6380,602.566,1239.84,99,99,7.54443,36,36854,90
0,6855,5553,1736.85,26,57,11036,2011,9935.97,4697,556,1851,89,85.8709,10.8,6,9471.99,54
0,9735,7187,2064,23,63,12478,1167.13,10287.2,5072,700,2300,80.2788,95,16,16,10178,71
1,681,588,246,44,74,1058,374.316,10760,4345.51,500,1200,85,93,13.4,26,9581.69,63
1,5146.51,3145.74,1507,22.6251,51,5889,665,11380,4220,500,900,81,83.891,12.5191,25,8894,93
1,14446,10516,3116.78,22,57,14130,4522,10220,4230,530,1300,82,87,18.3,19.5692,10650,75
1,2974,2001,580,29,60,2455.95,554,15192,4695,400,1350,76.3251,91,15.9,21,9193.33,63.4315
1,927,731,408.415,24,50,2149,2217,11130,4266.74,600,2166,72,79.4192,12.2033,14,10891,51
1,576,558,137,11,39,662,131,10430,3620,400,1191.07,85,98,12.9409,18,8767,45
1,2096,1626,694,35,67,2551,407,11800,4340,700,1252,60,81,15.8,23.0305,7780,77
0,12445,8836,3623,54,85,24470,3286,7090,4180,630,1530,88,90.5522,13.4,20,14737,66
0,11220,7871,3320,43,61.4706,19553,2748,5697,3600,525,1755,81.5673,95,14.7,22,7881,63
1,5081,4247.85,1194,11,26,3768,1415,14220,6000,500,1440,61,76,10.7,9,10625,66
1,3580,2603,1627,36,63.8572,11028,1448.29,4460,3038,687,1281,85,87,11.8,6,12833,54
0,14939,11652,5705,52,78.0276,25422,911,7560,4504.71,500,1982,87,87.8822,13.1776,13,8559,71.3103
0,8384,5727,1891.1,20.0587,50,9501.15,2916,7230,5088,630,1227.01,82,86.902,10,6,13883,66.3778
1,1487,1276,388,26,51,1417,1646,11120,4080,525,1223.77,55,56,11.1,23,6735,69
0,8579,5561,3681,25,50,16658.1,1673,6994,3384,700,2681,88,94,13.7,17,9657,64.4222
1,1958.87,1661.76,569.82,16,38,1431,1522,13540,5050,630,1277.72,66,68,14.1,23,10139,66.181
0,4777,3057,1823,16,33,9757.43,6198,6540,3600,530,2440,84,92,11.8542,24,10207,31
0,1208,803,438,18.2251,48,1906,461.713,6810,3970,450,1647,67,75,15.9,26,5712,59
0,441,369,408.261,17,46.8697,633,317,6600,3680,600,400,75.5741,73.3354,15.1,4,5935,64
0,461,381,235,10,40,974,503,6600,3630,400,1225.67,67,67,15.2,23.9434,6408,35
0,4269,3018.14,985,27,50.2492,6476,1285.95,8594,4408,494,2768,82,88,15.2327,24.2168,8349.62,63.7017
0,14292,10315,3409,22,53,17634.4,3991,11242.8,5146,550,1550,89,88.4709,18.1,23.1061,9021,64.0618
0,14378.2,12414,3816,12,43.6051,16282,1940,8566,3897,500,1400,76.8669,92,16.7,15,10276,68
0,3347,2597,1006,22.4904,51.3002,4664,1630,6919,4500,500,1250,74,90,15,20,7462,56
1,8953.39,5706.6,1643,42,61.1707,7760,887.018,16500,6526,630,1985,82,94,5.9,17,17500,59
0,19152,12940,4893,66,92,22045,487.191,15732,4659,476,1600,88.5041,98,11.5,26,14847,87
0,4192,3377.29,1656,15,45,5887,1254,8828,3474,753,2610,76.0333,91,14.614,24.4167,6393,53
0,1458,874,527.465,56,67.5768,1846,154,9414.88,3180,600,1500,74,78,14.6,16,6716,51
0,11054,6397,2511.65,26,55,16502,1912.85,10703.5,4534.66,714,2910,88,90,12.2,37,16122,67.8376
0,5402.62,3383,1669,26,47,7524,804,10266.5,3810,531.35,1362.13,81,86,20.3,14,6971,53
0,6574,4637,2940,32,62,10710.4,1583,9057,4349.33,600,1218.79,78.7966,87,12.7,15,10145,62.3077
0,3195.19,1826,823,49,64.0201,3926,561,9057,4426.91,377.649,1435,88,83.8402,14.4,23.1619,9699,49
0,1618,1141,766.551,18,54,4793,1165.93,9716.46,3964,554.196,4288,71,73,13.4,15,6433,48
1,776.877,331,269,17,54,1150.22,301,10067.2,3680,550,1288.04,59,63,16.6,4,5412,52
0,1351,892,570,18,78,2385,331,4440,3030,466.902,600,72,72,18.9,8,5883,51
0,6277,6003,3526,33,63,16454,3171,10321.3,4083.75,616.445,2070,86,92,15.1,48,6813,53
1,1209,750,265,19,47.8501,820,716.471,11450,5045,900,1224.79,72,75,11.4,13,9718,64
0,9750,7640,2529,24,62,13742.2,1338,11180,3862,650,2450,89,87,17.5,25.6495,7855,75
0,1757,979,566.611,32,54.6851,2033,1078,5972,3420,389.931,750,77,83,13,11,7011,37
0,14596,5985,2659.73,75,92,14609,1100,8400,4200,550,1332.98,88,93,11.8391,23,15893,83
0,5803,4441,1730,21.622,62,10099,3255,7248,3109,600,1900,79,91,16.8,7,6227,62
0,5191,4134,1500,15,44,7532,1847,9687.82,3505,600,1238.65,78.7331,94,14.0622,17,7392,53
0,6071,3856,1449,24.5164,67,6635,1145,7558,3680,500,1500,72.8794,78.4613,19.1,15,6005,55
0,2777,2249,1652,20,54,8334,1435,5634,2703,450,1200,97,97,12.6031,16,9424,49
0,1800,1253,560,44,85,3876,3588,6634,4360,600,2604,81.0376,85,17.8,14,6104,47
0,4418,3838.24,2049,23,51,14047,5134,4104,3954.93,450,1700,86,94,22.6,6,5657,35
0,5530,4007,1697,12,37,8463,1498,7731,4306.81,540,2286,75,75,21.5,8,6309,40
0,4144,3379,1584.51,18,52,10135,1448,6197,2930,595,2380,76.445,82,16.3,26,6774.24,77
0,7700,3700,1906,79,96,7671,30,16850,4400,600,1350,96,92,13.1,46,13738.8,97
0,4743,4140.67,2233,32,63,13436,2582,5173,3526,589.655,1282.61,86,90,11.5,11,10244,44
0,10190.6,6732,2546,25,61,11669,1936.97,9799.62,3660,570,1340.89,79,82.6276,19.7,13,8020,64.4553
1,12394,5232,2464,85,100,9205,531,17020,7270,500,1544,95,96,6.3,38,25765,93
0,8586,6383,2503,25,59,13138,4289,10786,4560,400,900,93,88.5343,7.8,10,13789,63.7649
1,1758,1121.17,419,27,58,2041,174,12040,4100,507.342,1100,92,96,13.2206,23.3473,9060,72
1,4044,2826,688,51,83,2738,138,16230,4500,599.614,1800,79,86,15,17,11217,65.4956
0,9643,7751,1968,12,40,8894,2456,10330,5558,500,1226.26,84,86.7424,16.6,7,9158,63
1,5892,2718,756,30.2105,72,2854,594,14500,3285,700,1125,75,84.0172,11.7,22.5259,11984,100
1,8766,5498,1243,56,75,5071,438,17840,6582,500,1235.66,93,99,9.53159,23,26037,80
1,3934,2735,886,40,70,3698,217,10950.8,4349.46,660.934,1820,93,96,15.6,13,10813,66
1,2306,1721,538,19.5441,48,4309,549,13226,6452,750,1333.53,86,86,13.6,8,10074,62
0,285,280,208,18.7534,43,1140,473,3687,1920,405.803,1287.76,75.3607,77,23.6,3,4626.22,43
1,4471,2942,751.368,23.4512,60,3674,493,11584,5986,650,800,72.6307,83,14.1,41,9131,92
0,949.516,560,377,14,46.309,1855,1412,5800,3066,500,1500,67.3975,62,14.0065,3,5035,48
0,7693,5815,2328,30,52.8412,12594,3661,8074,4332.07,597.228,2941,84,88,16.9,18,8246,63
0,5760.6,4676,2528.48,29,63,14770,10962,6760,3961.4,500,2180,90.8708,89,17,15.781,11020,47
1,12316.4,8498,2477,45,66.8068,13259,1429,17230,6482,600,2210,72.5298,94,11.4,10,15054.9,68
0,1401,1239,605,10,34,3716,782.438,7100,4380,540,2948,63,88,19.4,0,5389,36
0,2379,2758.48,1292,8,25,4283,2973,10112.5,3192,500,1425,56,65,22,21,5319.69,38
0,2850,2918.65,1046,20,50,4985.42,1159.39,4652,2470,500,500,78,99,18.7,23,5917,45
1,2057,1670.52,583.678,26,53,4106,982,11712,4037,518.204,800,80,80,13.8,22.3386,8546,89
1,374,280,185,45,77,995,408,8550,4050,500,1344,75,75,12.6,17,7237,64.4854
0,7473,5674.77,3013,27,53,15749,3237,5764,3262,750,1328.65,86,92,16.5,23.5736,8612,53
0,3281,2559,1448,19,48.1666,10975,8431,4422,2780,500,2850,73,73,21,18.2309,7242.52,29
0,14752,9572,5329,48,85,30017,5189,9857.49,5405.55,647.107,3140,91,99,19.7,11,7837,65
0,4217,3100,1686,17,46,9375,5457,4104,5376,452,1231.12,94,82.6733,25.3,3,4329,50
1,974,704,493.891,5,22,1145,39,12520,3860,1300,700,16,70.3632,7.5,9,11641,57
1,2459,1997,582,31.6094,66,2664,801.728,16320,5326,600.934,1162.04,87,94,11.2,14,13706,65
1,1445,966,326,46,83,1129,381.297,15350,4287.15,450,810,82.7711,93,11.2907,52,18784,63.0187
1,1712,1557,696,35.3003,68,2225.52,1374.61,10783.3,4366.09,619.831,2350,94,84.9811,11.5,10,11743,47
0,5095,4491,2400,27,58.8599,15044.8,8374,6857,3975,858,3093,89,93,12.8,9,9275,60.1518
0,7663,6008,1899.13,18,51,7353,1674,15516,4928,500,990,82.2564,90,9.9,23.9209,12646,79
0,15849,6434.87,2678,74,95,12362.4,114,12212,3792,500,1323.05,90,88.6631,12.8997,22,13597,95
0,12749,7025,2753.25,40,81,20356,4582,8199,4485.02,708,2172,96,92.1358,9,10,16527,65
0,1558,1254,472,21.7346,57,3754,923.511,6172,3994,541,1387,83,87,23.4,12,8488,53
0,2593,2012.13,1027.72,9,32,6038,1342.41,6704,2592,440.057,1750,78,78,13.8141,17,6254,65
0,910,910,342,14,53,1434,417,9724.78,4440.07,550,1960,74.4595,81,15.2,23.5882,6490,36
0,4400,3719,1472,17.1692,38,7804,1552,6950,2500,300,1339.81,90,84.4764,23.1,19.9664,5559,67
0,2409,1939,759,17,50,3819,1347,6900,2800,475,1200,81,89,22.2,1,5968,46
0,14901,10932,4631,36,80,23945,2200,9520.24,4290,408.119,1545,93,90.0224,13.2777,20,11006,72
0,5244,3782,1930,12,37,11561,2326.56,8786,2964,570,1292.53,79,87,15.9,8,6790.54,38
0,2029,1516,1073,23,50.7101,7535,1488,10099,3422,600,1500,91,84.5194,15.1,13,8745,45
1,1137.8,452,192,28.1548,55.0492,1481,1160,8840,3060,500,1000,69,77.9802,17.4,19,6638.39,78
1,1399,1026,310.302,44,77,1131,17,14900,5160,500,800,82,85,11.6,40,12082,79
1,325,260,86,21,47,699,717,9600,4202,450,750,39,69,10.5,23.2022,7164,68
0,368,344,398.463,5,27,1750.77,189,4286,2570,600,2000,55.2566,41,14.9,24.0332,4958,68.2252
1,2075,1491.63,520,49,62.2949,2501,198,11800,3260,500,1311.39,87,83.2162,14.2,23,9681,95
1,7791,4690,1499,71,92,5500,90,17865,6525,630,952,74.3804,84.9046,13.6613,26,13458.7,83
1,3550,1877,653,53,87,2164,77,18920,5950,600,800,84.0272,98,9.7,39,17089,90
1,7759,5588,1477,30,68,6362,826.149,15925,4336.32,400,1136.71,74.4508,90,13.4,24,11985.4,63.1228
0,4640.64,3497,1567,18,45,10262,5065,10217,4182,500,3630,81,87,8.7,11,11183,45
0,2996,2440,704,11.4686,30,3006,338,5587,4362.83,500,600,61,63,16,11,5733,31
0,14345,11719,4277,26.5166,52.9822,18511,604,10260,3176,740,2200,71.8179,89,13.8,23.546,8944,73
1,711.328,1610,453,23.5753,59,1298,67,10294.1,3494,480.059,1257.25,51,67,13.7,8,6757,30
1,1470,900,493.899,20,45.6185,2136.41,417,9915.53,5100,500,1248.84,70,75.1744,15.7,24.1829,7804,63.2029
1,647,518,271,17,44.013,1014,323.152,10155.8,3365,617.948,2245,51,65,10.7,31,8050,73
1,1465,1006,188,10,30,1365.31,20,10332.7,2522,563.42,1200,43,69.8219,22.9,3,5861,58
1,800,623,256,41,76,801,5,12925,4195,500,635,78,85,9.9,55,11134.5,72
1,1416,1015,402.562,10,44,1324,612.335,13500,4382.8,585,1700,67,78,13.2,23.2989,9006,75
1,5661,2392,809.035,75,78.6661,3499,172,13850,4360,399.714,1250,95,97,13.4106,37,13141.6,68.3755
1,1012.32,890,477,27,92,847,497,8670,4180,500,1450,42,58,14.2585,33,5738,68
1,440,311,112,25,49,466,297.728,10000,4328.42,400,1100,65,75,11.4,20,8706.6,63
1,1231,1074,345,34,66,1295,258.417,11600,3610,400,850,66,77.2454,12.4,37,7735,67
1,1305,1100,334,42,64,1108.2,151,16260,4005,300,500,91,91,12.1,40,10162,86
1,3315,1420.17,425,68,93,1584,3,13750,4619,680,1235.54,81,96,9.6,45,15736,90
1,1209,942,214,31,60,822,46,15276,4385.17,500,1237.17,79,86,11.2,37,10830,65
0,7765.25,5839,2440,31,70,11535,1344,8200,4210,800,2719,84,87,16.9,23.5942,10912,56
1,10106.6,5259,1254,62,93,5152.58,1274,18350,5775,768,1185.69,80.8167,98,3.9,31,23614,90
0,1373,1373,724,6,21,2459.74,474,2700,2660,540,1660,60,68,20.3,29,4550,67.2766
1,1190,978,319.628,12,30,1280,439.206,8840,3620,500,1200,57,58,16.2,26,6563,66.4833
1,280,1118.97,372.606,14.3029,27,1596.21,110,5590,4400.17,650,1391.04,53,63,15.1,4,4839,90
1,665,597.265,226,17.1558,44,1739,1550,9160,4340,500,500,67.6934,68,12.798,14,6951,48
1,2895,1249,579,80,96,2195,156,18345,5995,500,1313.8,94,90.1072,10.6,51,21409,67.2302
0,318,714.519,130,46.3963,85,416,453.781,11062.2,5550,600,500,93,98,13.3426,42,15955.3,69
1,1480,1257,452,6,25,1653.72,502.865,10650.2,6050,850,1221.09,10,68,15.4,8,17858,64
1,980,860.658,350,10,25,872,448,9890,4434.5,534.873,1237.12,52,57,14.4,15,7744.89,84
1,4772,1973,712,60,86,3886.39,27,10336.9,4533.25,1400,1400,77.6982,94,12.1,39,16262,92
0,6502,4113.24,1372,20.9412,51,7484,1904,7844,4108,400,2000,76,78.9628,15.3,22.0996,6773,52
0,1164,1062,478,12,25,2138,227,9816.14,4578.09,600,1210,53.0701,33,16.3,23.2526,4249,60
1,1566,1400,483,28,55,1509,170,14200,3775,450,1100,58,81,16.4,42,8080,67
0,3224,2519,1057,11,31,5182.23,706,6390,2380,110,1206.07,67,78,14.6,9,6554,55
1,1176.54,984,278,30.1197,49.8127,1071,98,14510,4432.55,500,1400,84,91,12.5,39,10026,60
0,9167,7191,2738,24,53,15739,1351.03,6940,4100,500,1700,80,84,24.7,11,5983,55
0,1650,1471,409,7,21,1803,1116,8994,4286.71,498,2065,74,79.0306,15.4,15,8409,59
0,2702,1623,604,7,24,2315,146,5918,4342.85,500,2050,76,79,19.4,4,4599,52
0,5548,4272.89,1549,30,71,8909,506,8124,4144,639,1298.7,83,89,22.7,10,5796.68,61
0,3100,2150,825,3,20,3234,941,5542,4319.73,500,1257.32,70.5697,75.0193,15.7,20,4222,65
1,613.693,553,184,20,43,665,37,10720,4050,600,1288.94,68.9885,78.863,12.5,20,7925,62
1,996,866,377,29,58,1411,72,10277.3,3615,555.082,1234.55,62,78,12.5,41,8596,80
1,1140.28,720,410.475,21,60,979,743,10177.7,4050,600,2025,68,83,10.5,34,7170,50
0,950,713,351,42,72,1276,9,14320,5304,403.311,1410,77,78.696,14.9,17,8837,62.6284
1,1432,920,548,39.3188,84,1445.62,56,10654,4200,530,1400,81,83,12.7,40,11916,65.3141
1,1738,1373,417,24.4882,55,1335,30,18460,5970,700,850,92,96,13.2,41,11922.9,71
1,903,755,306.869,15,49,971,305,10500,4338.7,600,600,66,71,14.1,23.0683,7494,72
1,2067.98,998,477.564,27.7182,53.5752,1220,46,16670,4900,750,800,80,83,10.5,51,13198,68.1897
1,1681,1069,344,35,55.7784,1235,30,16249,5699,500,1998,84,92,13.6,29,11778,52
1,1121,901.679,372,43,70,1270,160,12660,4500,678,2424,80,80,16.9,20,8328,80
1,2038.47,1492,502,24,64,2075.01,2171,12350,5370,500,1350,88,85.092,12.6,19,9603,63
1,1631,1431,434,15,43.8958,1803,603,11150,4368.5,550,1260,78,79.2183,13.3,24,8543,64.8555
1,1658,1327,395,49,63.0595,1595,159,14800,4620,400,1291.81,91,83.8933,13.3,37,10303.1,68
1,663,547,315,32.8523,67,1494.32,75,10060,2970,500,2600,74,80,11.2,19,8773.83,59
1,469,435,227,17,39,851,120,10535,4365,550,3700,39,65.3648,12.9,16,7438,52
1,3092.22,1245,526,32.3907,51.0028,1521.67,29,19629,5790,500,1200,94,99,9,64,22014,99
1,167,563.276,46,16,50,199,676,11428,5084,450,475,70.8209,76,8.3,43,10291,64.3044
1,1758.31,1017,383,10,40.4275,1992.84,157,7820,4346.6,628.82,1550,69,81,13.9,8,7264,91
0,3325,2047,1301,20,45,5800,872,4200,2700,300,1235.58,53,60,12.015,18,6292.32,58
0,2546.82,1805,769,24,61,3395,700.72,6400,3392,580,2150,71,80,13.8653,26,6729,64.1096
1,152,128,75,17.2934,41,282,316.969,9100,3700,500,1400,48,48,8.5,22.8761,8960,64.2526
1,1979,1739,575,42,68,1980,144,10629.5,4404,400,800,82,95,12.8,29,9241.88,78
1,1501,935,273,40.5102,83,1220.08,34,12680,4412.49,605,1284.07,91,84.1452,15.3,42,7875,75
1,2768,2314,682,49,86,2802,86,10838.8,5370,530,730,92,94,15.2,34,10774,82
0,2197,1515,543,20.6755,50.9685,3089,2029,6797,3900,500,1200,60,60,21,14,4469,65.219
1,1959,1805,695,24.0064,51.5897,2849,1107,11520,4960,600,1250,73,75,13.3,31,9189,83
1,2097,1915,695,34,61,2793,457.403,6900,4200,617,781,67,75,14.4,20,8323,49
1,10705,2453,1317,42.6556,64.3685,5392.34,936.262,19840,6510,770.67,2115,96,96,6.7112,49,40386,99
0,2989,1647.13,691,28,63,2988,593.957,4990,3560,500,1225.91,75,77.3196,18.1,28,4509,65.5454
