1,1660,nan,721,23,nan,nan,nan,7440,3300,450,2200,70,78,nan,12,7041,60
1,2186,nan,512,16,nan,2683,nan,12280,6450,750,nan,nan,30,12.2,16,10527,56
1,1428,1097,336,22,nan,1036,99,11250,3750,400,1165,53,66,12.9,30,8735,54
1,417,349,137,60,89,510,63,12960,nan,450,875,nan,nan,7.7,37,19016,59
nan,193,146,55,16,44,nan,869,7560,nan,800,1500,76,72,11.9,nan,nan,15
1,587,nan,nan,38,62,678,41,13500,3335,500,nan,67,73,9.4,11,9727,55
nan,353,340,103,nan,45,416,230,nan,5720,500,1500,nan,93,11.5,26,nan,63
nan,1899,1720,489,37,68,1594,32,13868,4826,450,850,nan,100,13.7,37,11487,73
1,1038,839,227,30,63,973,306,15595,4400,nan,500,nan,84,11.3,23,nan,80
1,nan,498,172,21,44,799,78,10468,3380,nan,1800,nan,41,11.5,15,8991,52
1,1732,1425,472,37,75,nan,110,16548,nan,500,600,82,nan,nan,31,10932,73
1,2652,1900,484,44,77,1707,44,nan,4440,nan,600,73,nan,9.9,nan,nan,76
1,nan,780,290,38,64,1130,638,9690,nan,600,1000,60,nan,13.3,21,7940,nan
1,nan,nan,385,nan,73,1306,28,12572,nan,nan,400,nan,87,15.3,nan,9305,nan
nan,494,313,157,23,46,1317,1235,nan,3640,650,2449,36,69,nan,26,8127,55
1,1420,1093,220,nan,22,1018,nan,nan,4780,450,1400,78,84,14.7,nan,nan,69
1,4302,992,418,83,96,nan,5,nan,5300,660,1598,93,98,8.4,nan,nan,100
1,1216,908,423,19,40,1819,281,nan,3520,550,1100,nan,61,12.1,14,nan,59
1,1130,704,322,14,23,1586,nan,9996,3090,900,1320,62,nan,11.5,18,10908,nan
0,3540,2001,nan,24,54,4190,1512,5130,3592,500,2000,60,62,23.1,5,4010,34
1,713,nan,252,25,44,712,23,15476,3336,400,1100,69,82,11.3,nan,nan,nan
0,7313,4664,1910,20,63,9940,1035,6806,2540,96,2000,nan,96,18.3,14,5854,70
1,nan,nan,219,20,51,1251,nan,11208,4124,nan,nan,55,65,12.7,nan,6584,65
0,nan,10308,nan,nan,49,22593,7585,nan,4850,nan,2100,nan,93,18.9,5,4602,48
1,708,334,166,46,74,530,182,8644,3922,500,nan,79,88,12.6,24,nan,54
0,1734,1729,951,12,52,3602,939,3460,2650,450,1000,57,60,19.6,nan,nan,48
1,2135,1700,491,nan,59,1708,689,12000,5920,500,500,93,93,13.8,30,7100,88
0,7548,nan,3070,25,57,16262,nan,6300,3933,600,1908,nan,nan,16.7,18,nan,nan
1,nan,513,nan,12,30,2074,726,nan,nan,540,950,65,nan,12.8,31,7836,58
nan,1879,1658,497,36,69,1950,38,13353,4173,540,821,78,83,12.7,40,9220,nan
1,761,725,306,21,58,1337,nan,nan,3244,600,1021,66,nan,10.4,30,6871,69
1,948,798,295,42,74,1120,15,11280,nan,nan,1150,81,95,nan,33,11361,71
1,627,556,172,nan,nan,nan,538,9925,4135,750,1350,59,67,nan,11,6523,48
1,nan,483,206,21,nan,nan,466,nan,4100,400,2250,58,68,11,21,6136,65
1,1690,1366,662,30,61,nan,1460,nan,nan,nan,nan,nan,nan,nan,20,nan,85
1,261,192,111,15,nan,nan,nan,nan,4300,500,500,57,nan,9.7,35,9337,71
1,1910,838,285,nan,85,1004,15,19264,6206,750,nan,nan,98,10.4,nan,13894,79
1,nan,1402,531,53,nan,2121,69,17926,8124,600,850,83,93,10.3,nan,12580,91
nan,990,784,279,nan,45,nan,3144,nan,5360,600,1800,nan,78,12.6,11,9084,nan
1,6075,5349,2367,34,66,nan,484,nan,3920,600,nan,nan,76,18.5,nan,7503,72
1,1163,nan,348,23,56,878,519,12850,5400,400,nan,78,89,nan,30,8954,73
1,807,707,308,39,nan,1198,605,nan,2950,750,1290,74,82,13.1,31,6668,84
1,632,494,nan,17,36,709,131,9000,4850,300,2480,78,85,13.2,10,7550,nan
1,1220,974,481,28,67,nan,623,nan,3664,650,900,nan,61,11.1,19,nan,49
1,1320,923,nan,nan,nan,1085,nan,16304,3616,355,715,87,95,11.1,26,nan,nan
0,nan,877,546,nan,36,3796,824,nan,2700,660,1800,57,62,19.6,16,3752,46
nan,632,620,nan,14,24,702,nan,9550,3850,350,250,64,84,14.1,18,5922,58
1,519,nan,nan,25,53,457,2,nan,4100,600,500,nan,nan,nan,nan,16364,55
1,3466,2330,640,20,nan,nan,1533,13800,nan,630,850,87,87,17.5,nan,10941,82
1,1858,1221,480,37,nan,nan,49,nan,3940,350,2375,80,80,nan,17,10511,63
nan,878,nan,nan,16,41,706,62,8740,nan,550,1700,62,nan,11.6,29,7718,48
1,202,184,122,19,42,537,101,8540,3580,500,1400,nan,80,8.8,nan,8324,56
1,nan,384,104,11,28,347,74,6200,2900,600,800,63,63,nan,nan,7623,35
1,1646,1150,nan,12,nan,nan,82,5188,3396,650,2500,nan,48,13.8,9,6817,58
1,805,588,287,67,88,1376,207,11660,4325,nan,nan,74,79,14,nan,8649,72
1,500,nan,156,nan,55,nan,27,6500,2700,nan,1000,76,76,nan,53,8377,51
nan,6773,3028,nan,15,55,nan,946,nan,nan,500,1680,nan,68,18,19,7041,nan
1,nan,358,181,15,30,653,129,nan,4350,nan,1500,61,nan,17.8,3,6259,nan
1,nan,nan,209,20,50,nan,nan,9900,3990,400,900,nan,71,nan,19,9073,58
1,nan,13007,3810,45,80,14971,nan,nan,6810,475,1025,80,81,nan,nan,16836,72
nan,3356,1019,nan,76,100,1490,8,nan,5885,1495,875,93,96,11.2,52,20447,96
0,9251,nan,3076,14,45,13699,1213,7452,3352,600,1700,81,89,21.1,14,6918,67
nan,nan,330,nan,nan,36,453,42,14080,nan,500,900,57,80,10.2,21,15387,46
1,3767,nan,nan,30,58,4531,643,10870,4440,2000,1522,75,81,14.4,21,7671,85
nan,4186,2743,nan,48,77,2819,62,nan,nan,410,1000,90,97,9.8,nan,17150,nan
1,367,274,nan,12,41,917,479,9592,5879,500,700,71,80,13.7,12,5935,49
1,1436,1228,nan,nan,26,1320,822,4371,2370,500,nan,62,nan,12.6,10,nan,nan
1,nan,351,nan,nan,44,738,430,10260,nan,600,1500,39,66,13.1,26,8355,nan
1,nan,nan,292,22,53,881,55,10265,4725,560,875,68,73,13.2,24,nan,82
nan,nan,5402,4615,nan,82,nan,1253,2340,3580,nan,1220,76,76,20.5,40,nan,nan
1,12586,nan,1462,87,95,5643,349,nan,5926,nan,1100,nan,100,7.6,nan,20440,nan
1,1465,810,313,71,95,1088,16,18165,6750,500,1200,100,nan,12.3,nan,17449,89
1,6548,3813,862,49,85,3316,31,18550,4750,800,1200,95,97,14.2,36,nan,93
nan,860,688,285,32,70,nan,442,13306,3797,nan,nan,62,nan,nan,10,6333,78
nan,2362,2037,700,40,68,2607,148,13130,nan,500,nan,77,81,nan,29,9511,nan
nan,nan,494,224,8,nan,1035,446,10518,6250,300,300,59,76,16.5,nan,7117,71
1,1011,604,213,17,42,nan,868,8900,4600,425,nan,87,96,13.9,25,7922,55
1,563,247,247,23,52,1427,432,12950,5300,nan,576,72,74,nan,17,8985,nan
0,nan,3817,1650,47,73,nan,1404,nan,4877,612,2091,72,81,19.8,13,8453,nan
nan,4540,3294,1483,5,60,13494,1254,7706,4368,600,1926,90,90,21.2,nan,7268,61
1,nan,1512,913,29,56,nan,136,10230,3710,400,1210,75,81,14.8,nan,7786,81
1,2087,1339,657,20,nan,3191,1204,nan,2790,nan,500,77,77,21.8,34,3739,63
nan,848,587,298,25,55,935,184,6060,3070,nan,1300,nan,66,nan,13,nan,nan
1,2853,nan,nan,16,34,2978,434,10750,5340,400,1130,nan,92,14.6,26,7972,64
1,1747,1382,449,34,66,1662,960,13050,nan,500,800,64,69,nan,nan,nan,83
1,100,90,35,10,nan,282,nan,nan,2812,300,2134,10,nan,12.1,nan,7976,52
nan,2694,1579,489,75,93,nan,12,19292,nan,550,nan,81,nan,nan,60,17960,91
nan,8728,5201,1191,nan,89,4265,291,17900,5690,nan,1250,86,93,9.2,31,24386,74
1,1160,991,352,nan,55,1357,737,nan,3880,480,930,74,81,17.8,nan,7666,79
1,1096,nan,464,27,62,1776,nan,nan,nan,400,500,nan,nan,13.6,16,6716,nan
1,1616,1427,434,20,43,nan,580,13125,3775,500,1300,74,nan,15.9,22,nan,nan
nan,3877,nan,713,71,93,3051,513,15700,4730,525,1460,95,95,2.9,29,19733,67
0,nan,940,363,9,22,nan,294,7656,4690,400,700,nan,nan,14.7,8,nan,79
1,1083,nan,291,13,34,915,80,9270,4100,nan,1860,75,nan,nan,27,nan,55
1,1754,1465,505,24,nan,nan,211,13712,6408,526,1100,nan,96,nan,18,nan,75
1,3847,3433,nan,9,35,1010,12,nan,4840,600,nan,22,47,14.3,20,7697,118
1,776,607,nan,25,58,791,764,14340,5285,500,1000,58,83,11.7,39,10961,74
1,1307,1090,616,25,55,2196,82,7344,nan,570,1000,50,52,15.3,nan,nan,64
1,369,312,90,12,46,nan,526,11400,5400,500,760,nan,85,9.5,nan,nan,24
nan,495,434,210,35,55,775,nan,8950,3490,600,nan,86,92,11.3,nan,9685,66
1,601,396,203,1,20,525,323,11230,6643,2340,620,nan,nan,nan,4,nan,47
1,1283,1113,401,31,nan,1355,40,10938,3660,650,nan,76,nan,nan,29,8444,nan
0,4158,2532,nan,6,24,nan,nan,5962,4444,500,985,69,73,16.7,4,4900,49
0,4681,nan,1436,10,35,8094,nan,nan,3288,300,nan,69,80,19.7,nan,5501,nan
0,2785,2011,1007,8,65,6507,898,7242,3603,654,nan,67,89,18.1,0,6413,nan
nan,174,nan,88,8,29,1047,33,nan,nan,nan,600,62,62,nan,18,3365,58
nan,nan,888,288,55,82,nan,7,11850,nan,nan,900,nan,99,11.4,60,13118,nan
nan,nan,771,nan,23,48,1662,209,nan,5895,600,1100,72,80,nan,6,nan,47
1,nan,nan,91,28,nan,nan,148,13500,5230,nan,850,nan,98,9.3,37,16095,52
1,nan,254,nan,25,64,518,232,nan,5015,nan,850,71,nan,nan,29,7729,nan
1,81,nan,51,nan,nan,139,nan,nan,3600,400,800,nan,nan,nan,17,10922,58
1,880,nan,nan,16,42,1068,364,9300,3260,600,900,81,81,11.1,24,8129,63
0,883,nan,nan,nan,37,nan,1749,7860,4750,525,1889,80,82,21.2,nan,4639,48
1,1196,697,499,21,nan,959,13,4412,nan,500,1000,69,69,nan,31,7083,21
1,1860,767,nan,71,93,887,nan,17000,6010,500,850,99,99,9.6,52,18443,87
nan,2887,2059,457,30,nan,1928,296,nan,4200,500,nan,94,nan,10.5,35,11951,79
1,nan,340,167,14,45,604,350,10740,3676,350,900,nan,nan,11,27,7963,74
1,nan,1953,557,35,68,nan,nan,15960,nan,700,1300,95,95,15.8,32,11659,nan
0,nan,5257,2301,37,65,11755,770,8116,3610,800,1618,nan,88,18,17,nan,nan
0,689,561,250,15,30,1125,422,7168,3689,600,1900,67,nan,18.1,9,4417,46
1,1006,742,275,29,60,1127,205,13925,4390,500,2200,73,86,12.7,32,10141,nan
1,604,452,295,15,47,690,222,9888,4502,400,1000,64,77,12.1,39,8741,nan
1,2848,1319,nan,nan,84,1720,35,18930,5590,500,1000,nan,94,10.2,nan,15954,91
1,4856,2492,nan,nan,75,2649,25,19510,5565,500,750,nan,98,10.5,nan,15494,nan
1,1432,888,317,29,58,1121,493,10860,5760,550,900,nan,62,nan,23,8604,96
nan,4772,3140,nan,22,nan,6851,1200,6120,3460,666,2316,73,78,17.2,18,4776,51
1,798,620,238,14,41,1165,1232,9800,4430,400,1150,46,46,11.1,35,6889,100
nan,nan,648,177,nan,46,707,nan,11790,nan,500,1000,75,77,11.9,35,nan,83
1,344,264,97,11,42,500,331,12600,5520,630,nan,nan,80,10.4,7,9773,43
1,nan,356,177,nan,61,667,1983,11180,5620,600,nan,64,64,11.5,32,7477,75
1,938,864,511,29,62,1715,nan,12247,4221,500,600,nan,88,13.1,26,8847,72
1,511,411,186,23,51,1692,nan,12224,4440,450,1000,63,87,nan,32,7315,nan
nan,444,nan,122,34,nan,nan,968,10900,5250,380,1000,68,70,11.4,23,9447,nan
1,983,664,249,23,57,1698,894,9990,5666,nan,1500,nan,71,nan,28,6084,64
1,546,nan,nan,16,42,nan,nan,11138,4138,600,1200,nan,nan,14,7,nan,80
1,141,118,55,12,21,201,173,8300,nan,450,1300,53,53,9.5,19,6936,76
1,672,nan,278,nan,60,1350,275,11844,3696,450,1146,54,76,nan,33,8996,72
1,2994,1691,659,70,95,2675,22,18000,6300,400,900,92,96,11.3,nan,12138,nan
0,7117,3106,1217,68,88,5186,134,11720,4298,600,800,89,92,12.1,31,9534,93
nan,2100,1883,553,nan,65,1704,1,16240,4690,500,500,nan,96,11.1,43,14140,69
1,nan,1577,nan,56,87,1892,7,17142,nan,450,1200,nan,nan,11.3,51,nan,nan
0,9478,6312,2194,29,65,nan,1829,nan,4180,470,1800,87,89,19.2,10,7850,59
1,314,158,132,nan,28,nan,5346,nan,3700,400,nan,87,87,15.3,2,5015,37
1,nan,614,242,21,67,nan,237,10425,nan,500,1500,61,77,14.7,34,8693,76
1,6756,1930,871,nan,96,nan,55,18624,6664,550,300,97,98,5.9,21,nan,99
1,281,nan,nan,13,29,1049,nan,10500,3750,450,950,69,75,12.8,18,6955,45
nan,232,216,nan,16,nan,534,172,6900,3800,450,1825,67,76,12.1,9,nan,42
1,688,497,144,30,75,641,nan,10800,4440,570,1515,nan,60,13.1,13,8415,55
1,528,403,186,nan,nan,1168,nan,9216,4191,400,1000,56,64,nan,13,7309,75
nan,3035,1546,438,42,93,nan,nan,18740,nan,600,500,nan,95,10.7,40,14773,91
nan,440,407,149,35,70,643,80,12050,3700,500,900,63,76,10.2,nan,10965,nan
1,1538,1329,383,33,68,1140,10,15248,4323,550,800,71,76,12.2,31,10340,64
1,nan,2836,876,30,nan,3450,nan,10628,4372,nan,2055,85,90,6.5,nan,nan,85
nan,1576,1110,274,nan,nan,992,112,8000,3700,400,500,51,52,14.1,28,5807,51
1,995,789,398,26,47,1306,122,6230,nan,400,600,42,44,13,nan,nan,63
1,866,619,157,18,47,1074,336,nan,4310,680,nan,68,68,14.6,42,6898,46
1,504,482,nan,nan,nan,550,84,9130,nan,nan,1450,46,51,nan,25,8686,54
1,585,508,153,12,30,460,536,12292,4934,500,500,61,nan,22.2,10,8643,nan
1,8587,2273,1087,nan,99,3918,32,19545,6070,550,1100,95,99,4.7,49,29619,98
1,nan,956,452,77,96,nan,nan,17295,5070,600,1011,95,97,12,46,17581,94
1,571,461,174,10,26,645,283,10850,3670,400,1159,58,nan,12.8,19,7505,nan
0,967,945,459,15,48,2806,538,4528,1880,nan,1200,nan,nan,17.1,16,5113,58
1,2762,2279,533,32,nan,1835,nan,16900,4720,500,600,88,97,11.6,45,12423,81
1,1994,1656,495,50,80,1983,36,14300,5020,nan,950,78,94,11.1,31,nan,82
1,3014,nan,487,nan,68,1889,62,18700,5000,595,1250,87,nan,11.2,39,13861,87
0,434,nan,nan,10,30,1376,237,4486,2146,nan,2000,50,64,16.5,28,4525,46
nan,1998,1376,nan,41,nan,1539,45,6700,3650,500,2307,52,52,14.1,12,7566,61
1,793,709,244,20,47,1022,411,9570,nan,400,1000,nan,72,15.1,42,6852,60
nan,nan,329,108,4,19,756,863,8310,5500,600,1800,nan,nan,12.7,5,5480,54
1,604,562,328,25,nan,1048,nan,nan,2650,nan,nan,nan,nan,12.5,17,nan,87
1,1011,829,nan,9,33,1059,2458,9000,3100,450,1413,77,78,12.4,nan,11178,42
1,2799,nan,839,34,65,3322,nan,13420,4770,560,nan,88,nan,15,24,9473,77
1,2153,1580,321,56,84,1192,87,18432,5616,520,nan,93,97,10.2,28,14907,83
1,700,650,314,33,66,1065,48,8730,3523,500,nan,82,92,nan,nan,9303,67
1,13789,3893,1583,nan,98,6188,53,nan,5950,625,1162,95,96,5,44,27206,97
1,nan,1006,274,35,63,1028,13,15036,4056,600,600,90,94,10.6,46,nan,78
nan,9274,6362,2435,14,44,13171,1687,7248,nan,500,nan,74,78,nan,18,nan,58
nan,nan,2730,nan,15,nan,6706,2640,5800,3000,600,2200,73,75,14,9,9825,nan
1,nan,341,265,10,36,1050,nan,4950,nan,530,nan,62,nan,15.7,7,5619,nan
1,458,nan,165,16,nan,1057,355,11190,nan,450,1230,60,nan,13.6,22,8135,54
0,nan,1493,564,14,50,2766,nan,5962,4316,650,500,71,76,16.9,14,5719,50
0,5597,4253,1565,nan,38,nan,nan,nan,3066,120,1730,62,71,16.2,5,5682,76
1,486,440,227,19,48,903,nan,9650,3800,600,1300,46,65,11.4,29,10188,82
1,516,409,200,nan,nan,1238,30,8770,3500,nan,700,58,58,nan,17,6430,nan
1,nan,1109,nan,33,nan,1363,23,nan,4080,600,1000,82,89,12.8,26,15003,nan
1,2417,1843,426,36,70,1476,299,14190,4400,500,nan,65,nan,12.8,nan,9815,81
1,nan,1045,345,27,50,1109,502,14990,4980,450,nan,77,98,21.5,21,nan,64
nan,245,208,125,23,46,544,nan,11800,4765,450,1700,71,71,11.3,nan,8952,86
1,3624,nan,858,11,39,2933,334,9100,3883,490,1777,70,74,18.9,34,6329,63
1,3151,2584,958,14,40,4772,856,7800,3750,nan,3020,nan,nan,nan,4,12878,nan
1,765,646,226,30,60,nan,32,8578,nan,700,1600,79,nan,13.9,51,8061,82
1,8506,4168,1236,76,97,5544,192,17600,6000,600,870,97,98,5,nan,28457,96
0,1256,1256,853,43,79,3957,588,5401,3144,450,nan,72,75,19.3,4,5527,nan
1,659,nan,nan,47,74,nan,35,10485,3840,475,1246,76,80,13.5,47,7527,nan
nan,nan,454,113,nan,56,484,16,10955,3450,nan,670,62,87,nan,nan,9552,nan
0,1801,1101,438,14,50,3065,363,6297,4600,600,1323,75,78,nan,14,8355,68
1,4784,nan,781,nan,66,nan,1037,15000,6200,700,1100,86,90,nan,30,11220,94
0,1455,1064,452,1,16,2632,617,6806,nan,350,nan,75,nan,nan,10,6972,24
1,1339,1107,336,nan,36,1051,82,9400,nan,500,1600,53,58,nan,9,nan,22
1,1415,714,338,18,nan,1345,44,5120,3200,nan,2140,nan,60,nan,9,3930,nan
1,1947,1580,523,39,74,1863,233,13900,4140,750,1500,90,90,10.6,7,8923,57
nan,nan,2079,1071,42,89,10208,9310,6597,2494,800,3028,81,96,13.9,nan,6722,66
1,1381,nan,374,nan,44,1506,970,8025,4865,400,650,65,74,17.4,nan,6339,68
0,11651,8683,nan,50,90,18906,3242,6680,nan,600,nan,80,nan,nan,15,7250,nan
1,291,245,126,16,49,981,337,8390,4100,350,1500,nan,55,21.5,24,4607,62
1,4200,nan,942,30,55,4740,1646,14235,6965,600,1735,86,97,14.4,14,10864,80
0,3440,2823,1123,16,nan,nan,486,6198,3320,500,2500,89,97,19.1,6,4362,46
0,1801,1655,819,nan,38,3224,436,5840,3138,nan,2430,76,76,19.1,8,5039,43
1,553,452,228,22,49,1301,nan,9650,4400,600,1000,57,69,14.9,8,6336,83
1,804,632,281,29,72,840,68,nan,4040,525,nan,54,nan,12.5,37,11751,60
1,5187,nan,nan,3,nan,1818,1197,13320,4630,500,800,50,nan,17.6,16,6418,51
1,895,548,314,20,54,1174,50,5500,3340,600,1600,68,nan,16.1,13,6078,nan
1,346,274,146,51,nan,704,63,9900,3670,630,1818,nan,59,10.5,14,8095,nan
1,nan,1951,685,56,nan,2371,nan,13440,4048,nan,nan,nan,95,nan,28,12940,82
1,2464,1908,678,24,nan,2693,691,nan,4280,500,1380,nan,nan,13.3,18,7711,65
nan,1110,930,332,nan,36,nan,374,8180,nan,500,500,65,nan,15.2,12,5664,29
nan,668,534,237,19,39,1306,258,nan,nan,nan,1100,67,67,20.1,26,6786,74
1,nan,726,294,27,nan,1271,43,nan,4130,400,1050,53,53,13.5,nan,7136,52
0,5653,4326,1727,17,29,9528,3822,10800,nan,580,1050,nan,96,19.3,7,6751,46
1,7875,5062,1492,38,nan,5471,1470,17450,nan,700,950,92,93,7.6,15,14745,nan
1,727,693,286,30,nan,1063,48,8100,3950,550,550,73,76,nan,28,7508,55
1,nan,2881,nan,71,nan,5881,406,nan,7131,670,1700,91,92,7.2,27,19635,95
0,7837,4527,2276,nan,99,8528,654,6489,nan,nan,1164,92,92,19.3,33,11271,70
0,nan,2341,nan,9,24,7732,9054,6744,nan,720,3450,87,89,19,nan,7762,34
nan,348,281,127,12,52,1095,785,9150,3950,nan,800,nan,59,12.2,27,7348,76
1,3596,2466,575,42,78,1944,46,19964,4328,nan,nan,94,95,12.1,32,14720,83
1,633,nan,284,10,27,823,nan,6120,nan,531,1830,nan,nan,27.6,4,6081,36
nan,1886,1524,526,31,nan,2523,296,13000,4450,nan,2400,78,90,nan,nan,9553,69
1,674,565,nan,nan,54,nan,39,12200,4070,400,1200,73,82,14.2,nan,9226,66
1,nan,396,221,26,nan,910,nan,9420,3730,600,1230,51,nan,9.9,46,10270,72
1,1151,813,248,40,64,nan,80,15588,6174,nan,1200,nan,90,nan,34,16623,77
1,548,428,nan,18,46,nan,113,8958,3670,300,1000,53,59,15.3,26,9798,64
1,555,414,nan,nan,41,996,nan,9100,3100,550,880,nan,61,23.6,nan,5609,47
0,5165,nan,1561,20,60,8234,nan,6108,3800,nan,nan,64,66,nan,9,nan,57
1,780,628,198,7,nan,nan,42,11750,2700,400,850,77,83,14,24,6475,76
1,608,494,176,10,nan,649,314,8330,nan,550,1300,64,80,13,31,7949,39
1,510,387,194,20,46,771,53,10310,4530,400,800,57,61,nan,16,8222,60
1,2039,1389,432,nan,nan,1333,30,15688,4618,400,400,nan,92,9.5,54,18979,83
1,2491,nan,573,57,88,2213,35,nan,3048,525,350,nan,65,18.4,18,4957,nan
1,1202,1054,nan,18,44,1410,nan,13404,5160,450,nan,78,nan,nan,30,9114,65
1,1709,1385,nan,36,72,nan,50,14125,3600,nan,700,79,89,12.5,58,9907,80
1,380,237,104,nan,56,716,1108,11000,nan,500,500,nan,nan,7.8,nan,7483,96
1,3140,nan,454,40,82,1646,24,19700,5050,nan,nan,91,96,9.6,60,17761,91
1,nan,825,328,34,73,1362,102,nan,4194,450,nan,89,93,13,33,10296,nan
1,817,644,307,20,40,945,1,13218,4773,nan,600,95,nan,nan,53,12263,69
1,7178,3755,1433,nan,63,4623,740,7161,nan,600,2000,60,64,14,9,6791,70
1,1006,837,317,33,65,1024,15,8200,nan,500,1200,84,84,10.6,26,9248,64
nan,467,424,350,16,40,1365,nan,6300,2980,700,2140,75,79,nan,10,nan,nan
nan,1721,1068,806,35,75,3128,nan,5504,3528,700,910,71,77,17.7,37,nan,nan
1,2083,1725,430,22,nan,1464,67,17480,4780,500,700,75,87,12.3,32,11625,73
1,nan,nan,1606,90,100,6862,320,18485,6410,500,nan,97,97,9.9,52,nan,100
1,1377,nan,178,95,100,654,5,17230,6690,700,900,100,100,8.2,46,21569,100
1,817,708,262,22,52,935,nan,9376,3272,nan,nan,57,63,13,17,7335,52
1,823,721,274,52,87,nan,nan,8800,3195,nan,1200,82,99,13.1,26,8588,63
1,920,745,347,nan,66,1133,nan,11090,4700,nan,750,80,nan,12,31,12639,79
1,922,729,nan,nan,66,1000,275,14067,4560,400,1000,nan,95,10.6,nan,nan,79
1,2688,nan,500,nan,53,1792,5,19029,5841,600,600,99,99,12.1,nan,13040,79
1,7428,nan,1349,nan,63,6534,1350,11600,5920,1000,1000,81,90,13.9,10,10093,60
1,602,498,215,26,58,nan,nan,13470,5515,500,850,78,91,nan,48,nan,nan
1,nan,565,nan,36,64,710,399,13960,6040,450,nan,82,88,14.4,34,12434,nan
nan,1712,1483,624,37,69,2505,208,12275,nan,465,1100,72,81,12.5,40,nan,72
1,949,nan,302,30,70,1210,26,9990,3550,500,1500,85,90,15,24,8187,nan
1,608,520,127,26,47,538,126,8080,3920,nan,1100,63,72,nan,9,7703,44
1,nan,430,125,nan,46,488,43,9950,3920,300,1300,nan,76,11.8,nan,9466,47
1,600,197,124,3,9,392,nan,7260,3090,nan,1840,31,35,12.9,nan,9249,nan
nan,723,nan,nan,nan,30,951,nan,7800,4000,350,1500,36,44,22,4,4923,84
1,607,nan,269,22,nan,1222,519,10500,4348,nan,1500,81,91,11.6,29,8324,75
nan,894,787,262,28,63,909,28,8050,nan,600,1000,75,75,15.6,30,7348,nan
1,1756,1360,478,nan,nan,1911,626,14550,4620,nan,700,80,88,12.3,26,12851,nan
0,8681,nan,nan,10,35,nan,nan,7799,3403,537,2605,77,84,21,nan,5569,54
1,3050,1342,471,55,86,nan,23,14360,4090,400,nan,77,92,12.9,34,9605,nan
1,268,253,103,nan,44,494,1305,10000,5364,500,1000,56,64,11.2,nan,nan,69
1,nan,nan,386,16,49,1685,556,8840,4689,750,2775,67,nan,11.4,21,nan,95
0,5659,4761,3147,10,31,8596,1949,nan,3706,600,nan,72,76,16.6,8,6996,40
0,nan,13243,5873,25,72,24763,2717,9766,3990,600,nan,77,88,21.3,24,8686,68
1,735,423,366,20,nan,2448,707,9210,3782,nan,nan,nan,51,39.8,nan,nan,nan
1,4892,nan,913,13,33,3906,1446,10690,6790,570,1150,66,83,16,14,8107,nan
0,8427,7424,nan,26,59,18676,1715,7550,3224,640,2055,81,88,19.2,nan,nan,65
1,7259,5526,1368,23,nan,nan,166,14424,6192,634,1000,58,nan,11.5,25,9812,nan
0,nan,5285,2082,nan,72,9652,742,7994,4544,500,732,77,81,17.9,nan,nan,98
1,nan,410,262,14,41,nan,nan,7620,3050,400,400,51,53,17,nan,3186,54
0,2957,1423,691,10,30,3817,1394,nan,4800,400,1500,63,67,14.9,10,8367,26
1,605,405,284,24,nan,961,99,6398,3672,400,nan,68,68,13.3,19,8118,75
1,2421,2109,nan,27,57,3168,nan,11700,nan,600,450,89,90,14.5,28,7738,89
nan,8474,3446,nan,75,nan,3566,1569,18800,6740,500,1040,nan,97,nan,38,56233,90
0,833,669,279,3,13,1224,345,7656,4690,500,624,80,nan,nan,15,6564,36
1,313,228,nan,nan,30,552,nan,9414,4554,nan,1700,nan,55,nan,nan,7840,56
1,1005,859,298,36,nan,1075,43,14850,4460,nan,420,nan,97,12.7,37,12067,80
0,5880,4075,nan,nan,nan,nan,2246,6995,3120,600,2000,76,86,18.5,22,6122,54
1,589,575,148,16,40,474,258,8400,nan,500,nan,63,55,12.4,nan,6535,68
0,3121,2446,nan,5,19,3480,776,7870,4157,500,1150,73,73,16.1,13,6195,61
1,nan,497,175,20,49,nan,nan,nan,4150,500,1300,57,65,nan,32,nan,62
nan,2212,1538,408,44,75,1445,1,19240,3690,750,480,95,nan,11.1,nan,nan,88
1,461,nan,174,nan,43,nan,nan,9600,4550,600,750,55,94,13.3,43,7863,51
1,1456,nan,nan,20,45,500,541,10910,5160,400,1795,nan,nan,15.6,37,7649,nan
1,355,300,142,34,nan,509,44,nan,3350,600,nan,65,68,nan,25,nan,65
1,1040,845,286,48,77,967,24,15747,4062,nan,800,nan,95,12.7,33,13224,79
1,361,321,185,10,nan,650,819,8842,4782,600,nan,57,nan,14.2,14,7022,nan
1,nan,1834,622,20,56,2738,1662,12600,nan,nan,nan,90,90,15.1,9,9084,84
1,4010,2402,572,36,59,2018,226,18730,nan,600,1000,93,nan,10.5,38,15365,92
1,544,399,177,15,35,600,363,6987,3585,750,1500,77,83,12.5,12,9067,75
1,979,638,271,31,70,968,20,16880,3970,920,1320,91,94,10.7,nan,15687,77
1,497,452,231,nan,47,887,1957,9400,4005,500,1000,49,65,17.2,25,4054,57
0,2336,1725,1043,10,27,nan,4058,4752,nan,508,1463,48,nan,18.4,12,5879,26
nan,831,538,nan,15,35,840,325,5170,3430,600,1590,61,61,16.1,nan,5531,60
0,1166,1009,510,9,33,2074,341,4938,2987,528,1702,nan,77,17,nan,nan,51
nan,1243,947,324,50,77,nan,74,nan,nan,525,975,76,nan,nan,nan,13965,77
1,1470,1199,425,nan,76,nan,558,11040,4840,400,900,nan,92,13.3,28,nan,94
nan,1386,1060,320,28,56,965,502,13850,nan,nan,1125,84,nan,nan,30,nan,85
1,6397,4304,1092,40,84,4298,132,nan,5580,750,1130,nan,99,nan,nan,14665,nan
1,979,nan,259,25,46,nan,166,10100,nan,400,1000,88,92,12,20,8539,66
1,244,198,nan,12,33,1134,336,11700,5300,550,nan,71,88,27.8,18,8694,58
1,477,417,204,29,54,1532,77,nan,4240,600,nan,58,70,20.8,23,6863,56
nan,2774,2092,482,35,64,nan,59,15800,4790,nan,nan,97,98,12.3,nan,nan,69
1,1154,1050,395,12,31,2192,1423,10560,nan,500,1200,36,nan,nan,10,7701,61
1,787,nan,363,21,55,925,605,nan,2890,nan,nan,nan,72,nan,35,nan,53
0,1660,1091,nan,15,nan,1196,nan,4818,nan,nan,1400,71,72,nan,8,10912,nan
nan,810,484,356,6,33,nan,191,9200,4800,nan,nan,65,85,24.1,9,nan,nan
1,nan,1188,nan,48,nan,nan,840,13380,4210,500,900,89,91,17.8,34,8747,nan
1,900,473,217,22,nan,621,11,4400,3400,800,900,nan,93,10.4,16,9268,92
0,3570,2215,651,nan,nan,nan,nan,7352,3620,225,500,nan,55,16.1,14,6374,63
0,nan,1870,724,12,47,2874,118,7920,3962,550,2200,74,nan,18.4,23,nan,nan
1,1641,1283,nan,20,39,1663,170,11200,4000,500,nan,61,62,14.2,24,7578,70
1,2013,1053,212,33,61,912,nan,5150,3036,500,1655,64,74,nan,nan,7547,59
nan,5996,4993,3079,29,57,16269,3757,5925,nan,600,2242,83,87,15.9,nan,6741,nan
0,2397,2144,1525,22,45,6720,nan,nan,2325,618,1656,66,nan,20,13,4546,45
1,4076,3137,738,nan,54,3010,184,nan,6300,600,900,86,88,14.7,nan,9448,80
1,nan,nan,753,42,64,nan,436,13592,5916,nan,1328,84,nan,14.2,10,11677,nan
1,1891,1698,719,24,80,2740,761,11100,5870,600,750,77,88,11.7,14,9456,53
nan,3579,2959,868,25,nan,5244,3417,11500,nan,700,2000,94,95,6.2,15,13009,65
1,1549,1392,587,38,72,2269,85,13240,3560,600,400,73,85,13.8,38,8949,77
1,1286,1005,nan,16,37,1363,74,13900,4300,500,900,75,81,nan,32,nan,72
nan,1756,1500,366,3,21,1524,280,12450,nan,450,870,62,66,12.4,24,nan,nan
0,535,502,223,6,nan,959,nan,7320,4640,500,600,nan,65,12.6,nan,7114,51
1,2939,1496,452,56,86,1723,nan,15909,4772,500,700,85,91,nan,37,14213,77
1,nan,nan,177,12,nan,628,63,9620,3750,nan,950,49,55,nan,33,10642,nan
1,874,758,428,21,46,1605,246,nan,nan,450,1200,42,45,17.6,16,4796,55
1,nan,802,239,23,63,909,51,10440,3850,525,nan,63,nan,11.8,20,7940,nan
1,2432,1730,563,20,63,2578,254,12370,6800,500,1800,92,nan,13.6,25,10062,nan
1,962,750,212,21,54,830,150,14700,6550,450,nan,97,97,nan,24,11291,70
0,3073,2672,1547,9,29,nan,1792,4300,2643,nan,1660,57,nan,19,11,5801,68
1,824,670,nan,15,41,1160,653,nan,3400,500,1100,37,37,nan,21,nan,59
1,1611,nan,342,27,nan,1089,nan,13850,3920,470,nan,80,97,nan,30,10223,96
1,4731,3171,830,nan,31,3557,658,nan,nan,nan,1200,74,81,17.6,34,8408,nan
1,5152,4600,1685,36,71,7016,nan,nan,4760,600,1950,86,94,13.5,nan,9982,nan
1,4226,3666,nan,14,60,7703,2339,5094,nan,nan,1560,77,86,16.6,10,6203,50
1,499,441,199,26,52,846,377,11200,7400,600,nan,66,79,6.8,50,nan,nan
0,nan,2178,756,39,78,2997,736,6490,4942,650,2102,nan,nan,17.6,30,5358,84
1,478,327,nan,9,34,nan,370,nan,6450,nan,1075,71,93,10.3,30,nan,77
nan,nan,535,239,21,nan,nan,nan,10200,7000,350,1100,63,76,11.7,20,10622,68
1,941,772,214,10,30,1247,776,11390,5280,nan,750,77,82,10.6,nan,8575,nan
nan,1464,888,176,nan,52,624,128,11200,4208,500,1642,80,90,nan,43,8317,51
1,549,397,169,26,51,1343,nan,9250,4550,425,1350,52,58,13.1,13,5925,61
1,1107,859,323,13,51,1452,402,11040,nan,600,nan,65,76,11.8,30,9034,66
1,6411,nan,nan,96,99,4481,28,20100,5975,725,1600,99,nan,10.1,35,33541,94
0,nan,nan,153,5,12,658,58,4486,2516,600,1900,68,68,15.7,11,6971,51
1,1002,555,119,16,nan,836,684,7680,3740,500,800,70,nan,17.7,21,6652,52
1,nan,411,nan,25,nan,nan,nan,nan,3452,nan,1525,57,64,nan,11,6383,32
nan,420,nan,93,11,32,nan,nan,7950,3750,nan,2740,54,54,9.8,45,9754,48
1,2286,1668,564,37,70,2943,1260,nan,4081,nan,1500,93,95,nan,15,8995,91
1,1557,1074,nan,nan,40,1805,433,9813,4050,425,nan,nan,63,16.7,29,7307,78
1,857,772,nan,nan,nan,1721,470,6720,3250,450,1520,77,82,13.9,33,6881,82
1,1981,1541,514,18,36,nan,1084,12500,6200,375,1000,nan,75,nan,nan,8707,80
0,1584,nan,891,nan,18,3471,nan,5016,3798,540,nan,48,48,nan,12,3871,nan
1,1742,1382,607,30,64,2258,53,10300,5080,475,1200,68,75,14.1,30,7762,89
0,nan,7788,nan,35,39,13606,807,8856,3960,500,1382,81,89,17.6,20,7846,85
nan,18114,15096,6180,23,nan,26640,4120,10658,3734,504,600,93,95,14,9,10520,71
0,2618,2288,1032,42,nan,5524,414,8127,nan,900,1200,82,82,17,25,7473,nan
1,nan,331,225,15,nan,1100,166,6840,nan,1100,4913,nan,33,15.4,20,5524,49
0,6011,3075,nan,22,60,5146,1532,7844,nan,450,1258,72,74,16.8,20,7832,71
1,610,461,189,26,52,685,49,8200,3300,550,1000,nan,69,12,16,8128,64
1,1444,1261,456,29,62,nan,95,11910,4378,450,965,60,77,11.4,nan,8149,75
1,905,834,319,32,61,1073,179,11320,4402,550,1350,nan,nan,12.7,38,11218,58
1,nan,1088,nan,36,69,1773,884,nan,nan,1000,2075,35,46,16.7,nan,7140,nan
1,nan,nan,nan,36,nan,1695,721,5580,2830,600,700,77,79,16.5,nan,6170,nan
0,4255,3277,1609,18,57,10094,1621,9866,3084,480,nan,77,77,15.9,20,6223,53
nan,nan,nan,380,19,46,nan,1014,nan,2217,600,1500,49,54,15.8,8,5704,63
0,1576,1326,nan,nan,50,3689,2200,3840,2852,nan,400,52,54,20.3,nan,nan,nan
1,nan,983,316,5,35,1057,175,8550,5050,400,900,nan,nan,17.4,16,4333,nan
1,601,503,204,28,nan,671,11,13000,4100,nan,460,91,91,11.6,43,11087,56
nan,2707,nan,nan,14,34,1893,nan,12480,nan,530,1740,70,nan,14.2,15,9492,54
0,572,544,320,nan,72,1470,416,6073,nan,550,1400,nan,71,nan,31,6112,74
0,3500,2836,1779,15,42,8730,993,5552,3710,550,2300,75,nan,17.6,8,nan,nan
nan,nan,2128,865,19,53,nan,3186,3648,nan,700,950,82,87,21.5,9,6717,58
1,263,223,103,10,24,316,20,8438,3372,500,2958,nan,50,11.1,4,11989,15
0,2442,2164,1189,12,37,5983,1075,4426,2664,600,1000,76,81,18.1,19,4795,60
nan,1232,955,nan,nan,58,1241,485,nan,4730,550,nan,nan,92,nan,28,9566,74
1,3708,1678,722,41,66,2852,nan,7050,5490,250,600,nan,74,17.8,10,nan,83
1,586,533,239,16,36,950,228,10520,nan,500,nan,nan,68,nan,32,nan,nan
1,nan,730,330,2,13,nan,12,4515,2550,850,2100,53,60,nan,34,6990,nan
1,1800,1314,526,47,79,nan,40,19300,5700,750,nan,79,91,9,51,18359,nan
1,279,276,126,17,nan,600,435,6844,2980,nan,500,45,nan,11.7,nan,5073,44
1,235,217,nan,12,32,931,nan,8950,3119,550,1125,51,nan,10.7,26,7016,nan
1,368,317,159,nan,49,806,nan,10500,nan,nan,2285,44,nan,11.3,30,6695,nan
1,nan,284,95,16,33,364,nan,9900,3650,nan,1200,32,37,13.6,nan,6525,nan
nan,1321,1159,nan,nan,36,1243,nan,12850,nan,550,900,77,82,12.8,36,8536,80
nan,1170,nan,238,14,48,nan,429,7470,4600,250,nan,74,75,15.3,23,nan,88
nan,657,537,113,37,90,1039,466,12474,5678,nan,1278,53,71,11.9,19,10613,72
nan,1310,1086,458,26,61,1365,144,12250,3530,400,1150,85,87,nan,nan,nan,81
1,510,485,nan,nan,36,1114,94,nan,3346,nan,600,nan,57,nan,7,6869,58
1,2519,nan,462,30,61,1656,352,16975,nan,600,850,76,86,12.8,39,10888,83
0,2225,1910,1190,nan,55,nan,955,nan,3110,nan,940,72,76,20.2,27,5972,52
1,nan,922,375,24,nan,1115,70,13240,nan,600,nan,nan,nan,13.4,27,9333,nan
1,513,347,nan,23,nan,2508,nan,9090,4500,nan,500,62,65,18.3,2,nan,71
1,947,nan,266,36,68,1274,nan,10850,5150,550,800,nan,93,13.6,24,8797,61
0,1879,1216,483,nan,nan,3311,1646,nan,5376,700,1850,92,98,13.5,19,12529,72
0,787,601,nan,40,73,1017,nan,5376,3214,600,1100,nan,100,13.7,11,9241,34
nan,13594,7244,nan,70,86,nan,2814,17748,7262,450,1000,87,98,7.8,16,nan,71
nan,nan,722,154,nan,36,601,36,10194,2600,nan,1500,nan,63,11.4,nan,5788,83
nan,2220,1796,467,65,99,1919,nan,10320,4762,450,650,nan,100,nan,20,7788,65
0,1563,1005,nan,1,19,1380,136,5542,4330,nan,1000,65,71,14.2,17,6562,57
0,4809,3089,1429,12,33,nan,871,6806,nan,600,nan,nan,72,16.7,9,7090,44
0,10634,7064,3176,39,78,16505,5481,nan,6540,600,nan,92,98,17.5,21,9670,62
1,812,689,195,7,24,nan,84,8242,4230,600,1295,77,77,12.7,11,nan,nan
nan,nan,884,308,30,64,1310,nan,11718,7398,450,1800,73,87,16.4,33,8871,nan
0,2968,2297,1610,nan,nan,7368,1128,5834,2744,600,2000,79,83,17,24,6310,42
nan,465,nan,176,nan,39,879,156,12580,4345,400,970,nan,79,13.1,24,10889,74
nan,nan,4577,1620,36,nan,5640,nan,4856,3416,400,nan,69,nan,15.7,13,6601,76
1,nan,nan,2517,16,42,11160,nan,13380,7425,600,1750,73,82,12.9,17,nan,46
0,5891,4931,nan,23,48,11249,nan,6746,3728,620,2342,78,83,21.7,7,6157,41
0,10706,7219,2397,12,37,14826,1979,7799,3296,470,1750,nan,78,17.3,nan,6086,56
0,2729,2535,nan,8,nan,nan,472,3735,3136,250,1630,62,65,21.7,23,5284,54
nan,616,514,385,nan,52,1115,nan,nan,2820,450,822,59,59,nan,nan,6261,58
1,nan,811,366,22,56,1040,52,9900,3075,300,1800,68,68,14.9,34,6357,68
1,12289,nan,1902,85,98,7450,nan,16404,5520,759,1585,96,100,6.8,nan,26385,92
1,nan,1625,626,8,nan,1862,382,14134,5270,500,800,71,74,nan,22,9209,63
1,379,nan,107,15,37,500,311,9990,4900,400,600,44,nan,12.1,26,4948,33
0,3041,2581,1173,16,56,6441,3982,nan,nan,400,650,nan,90,nan,13,nan,53
1,nan,2767,678,50,89,nan,120,19670,5820,575,nan,nan,96,nan,47,16593,83
nan,2324,1319,370,nan,81,nan,35,16560,5140,558,nan,nan,nan,10.5,nan,16196,79
1,792,649,186,56,87,nan,377,12900,4340,600,nan,91,95,13.1,27,8568,67
1,2936,2342,669,35,62,2502,66,15990,4080,600,825,nan,nan,14.5,nan,nan,83
nan,11023,nan,3183,21,nan,nan,1310,7629,4095,550,2300,79,nan,nan,13,8811,64
1,2190,1700,458,nan,65,1780,48,16732,5650,550,550,93,93,12.1,32,12011,nan
1,nan,681,484,35,59,nan,705,5390,nan,515,1290,63,nan,nan,18,5511,nan
1,776,765,351,22,nan,1419,nan,6400,3150,500,1900,58,nan,16.2,nan,6578,45
0,4522,3913,nan,29,57,12830,1658,5336,3344,nan,3100,84,nan,15.3,14,nan,48
1,1496,1205,428,26,nan,1648,936,12888,4440,420,840,62,68,13.9,30,8802,87
1,nan,773,450,31,73,nan,61,6530,2800,nan,1500,nan,nan,nan,nan,6413,65
1,2308,nan,295,22,46,1202,942,8530,3644,616,1576,nan,64,nan,nan,7114,nan
1,nan,3750,1522,nan,70,5809,4379,11000,nan,660,1115,90,95,nan,10,10059,nan
1,nan,1392,504,31,nan,2580,nan,nan,nan,600,1516,78,78,11,nan,9431,83
1,nan,668,385,nan,48,1316,nan,11925,nan,630,nan,nan,87,12.3,nan,9157,nan
1,943,849,288,41,nan,1041,35,14210,3994,450,1100,76,76,10.9,22,11216,42
0,944,774,440,14,nan,2174,529,6360,2760,550,1498,77,77,15,5,6443,48
0,19315,10344,nan,48,93,nan,2025,nan,4060,512,2394,77,96,18.1,19,8992,63
1,3821,nan,680,86,96,2488,nan,18200,6770,nan,700,95,98,11.6,13,16185,66
0,701,501,458,10,40,959,457,nan,2624,500,900,48,nan,nan,24,nan,nan
1,nan,651,159,11,25,654,162,8640,3700,400,1915,62,62,12.2,13,7634,48
nan,1538,1259,468,nan,42,nan,1042,11690,5062,600,nan,nan,80,12.9,15,8028,68
1,692,576,nan,nan,50,nan,83,10500,3860,nan,940,58,64,11.6,19,8990,39
1,nan,562,127,20,40,641,63,5640,3620,600,750,89,89,13.2,17,7309,31
1,404,400,nan,nan,48,797,100,6000,3000,500,500,48,57,13.4,nan,5557,61
1,1133,630,220,37,73,750,30,17688,nan,650,850,100,nan,10.4,11,14820,73
1,809,687,428,20,43,nan,nan,10178,4190,800,750,71,nan,16.1,19,7895,nan
1,875,744,207,nan,nan,1173,1402,9700,4830,400,1200,45,90,14.5,10,nan,66
1,1132,847,302,58,nan,1379,214,16200,4200,436,2486,nan,90,10.4,14,nan,62
0,nan,2234,1061,10,22,4564,nan,4290,3500,598,1582,55,93,19.4,1,5967,35
nan,1082,832,302,nan,63,nan,30,11859,3635,554,1429,80,85,nan,42,nan,85
1,13218,2042,1153,90,98,nan,146,19900,5910,nan,1575,91,96,8.4,nan,28320,nan
1,5139,3346,973,20,nan,3717,1358,14400,nan,450,1100,66,74,18.4,35,8135,96
0,21804,18744,5874,nan,60,26213,4065,9556,nan,570,1060,86,86,18.2,15,8604,nan
nan,516,392,154,32,nan,nan,549,11020,4970,610,1900,nan,75,14,36,9315,58
1,1025,707,297,22,66,1070,72,nan,4140,450,nan,nan,71,16.3,nan,6880,80
1,3712,nan,nan,17,45,2677,714,12030,6140,1000,500,63,73,12,nan,nan,nan
nan,5702,4894,1742,15,37,8077,nan,6684,4110,500,900,nan,83,nan,9,4519,62
0,2088,957,362,6,nan,2745,1938,4449,4860,600,nan,74,nan,nan,8,7333,47
1,1771,nan,nan,21,46,1071,nan,13840,3735,400,nan,77,80,10.7,38,11080,74
1,nan,616,169,35,66,653,56,13970,6110,370,920,nan,97,9.2,nan,16358,nan
1,1966,1436,327,47,80,1199,61,19960,5490,500,450,90,90,11.8,37,15886,nan
1,427,385,143,18,38,581,533,12700,5800,450,700,81,nan,nan,37,nan,84
1,nan,4165,nan,53,82,nan,16,17475,5976,1230,1100,94,98,nan,21,15605,70
1,2302,nan,391,58,nan,1345,nan,15200,4768,550,1500,nan,nan,10.8,47,13388,nan
1,3586,nan,nan,nan,31,2748,1309,13250,5420,700,3100,84,92,12.3,23,nan,70
nan,587,501,211,28,52,735,28,15200,nan,350,650,87,90,9.4,49,12472,64
1,484,nan,141,6,28,590,1196,9870,4860,nan,1100,nan,59,12.2,19,nan,81
1,2227,nan,437,nan,54,1460,239,13425,4425,450,nan,85,nan,13,nan,9405,nan
1,935,858,345,22,nan,1127,nan,9490,4100,500,nan,60,79,nan,21,7519,79
nan,560,392,270,11,31,nan,nan,8734,3362,600,nan,56,nan,11.3,nan,6422,68
1,nan,2804,679,nan,20,2111,nan,nan,6050,500,730,44,54,16.4,8,nan,61
1,nan,1151,382,nan,55,nan,1052,nan,nan,955,nan,81,85,13.3,23,nan,nan
1,434,321,141,28,53,624,nan,10950,4600,550,950,79,82,nan,30,nan,81
0,3820,1431,695,21,70,5303,3942,nan,4830,800,800,76,81,22.1,6,7252,51
0,nan,nan,4520,36,79,21401,nan,7410,nan,690,2009,nan,95,19.5,19,10474,77
0,3366,nan,232,27,79,2585,1300,7411,4748,690,2009,nan,nan,18.6,12,10134,57
0,5785,nan,499,26,nan,4005,1886,7410,nan,690,2009,90,95,17.4,16,11878,nan
1,2307,1896,509,19,51,1707,nan,11070,5780,400,600,71,nan,14.8,16,7120,82
1,897,nan,276,nan,48,1345,nan,10450,4020,nan,1500,56,56,14.1,nan,7444,70
1,2095,1553,514,15,40,nan,94,12950,5400,nan,1120,70,nan,14.5,29,nan,nan
0,3971,3306,1921,nan,34,nan,2206,4259,2625,350,nan,70,75,18.9,10,4629,nan
1,213,166,nan,13,36,513,nan,nan,3820,450,1000,43,nan,12.5,4,nan,48
1,1046,824,nan,21,nan,1223,451,10880,nan,400,1235,64,64,19.3,nan,7344,69
1,933,800,444,18,nan,1691,72,nan,4081,500,600,nan,85,12,38,9853,70
1,920,nan,nan,24,nan,815,222,11200,4250,600,nan,55,60,14.8,19,7360,nan
1,833,682,217,12,33,716,nan,nan,nan,500,800,53,nan,27.2,8,nan,85
1,nan,2003,776,39,nan,2473,nan,12750,6350,350,1690,nan,90,17.4,13,8243,83
1,nan,nan,96,20,52,543,712,12200,4600,650,950,87,90,11.2,nan,8680,76
nan,3294,2855,956,nan,67,4576,1140,11690,4730,800,nan,84,94,4.6,19,18367,67
1,888,734,393,26,60,1433,27,12730,nan,500,nan,74,95,nan,nan,11165,98
nan,876,802,367,nan,35,1263,118,10800,3600,400,820,nan,74,18.8,nan,5081,78
1,nan,130,nan,23,50,341,768,nan,4130,500,1700,44,58,10.2,37,nan,75
1,1910,nan,463,16,64,1715,nan,13030,nan,500,750,79,88,14.5,nan,10190,84
1,2248,1673,nan,38,73,2888,105,14350,3750,550,550,82,88,10,nan,12502,83
1,1606,1413,530,nan,38,1921,1154,9408,nan,500,450,78,nan,12.1,nan,nan,nan
1,700,595,278,19,35,1035,nan,10850,3936,nan,900,62,64,12.3,31,8534,88
1,785,647,295,15,nan,1670,726,10860,4624,600,794,87,100,13.7,15,8953,55
1,489,nan,120,nan,nan,nan,nan,10575,3952,nan,620,46,24,13,9,8946,98
1,335,284,nan,28,69,534,nan,nan,nan,500,nan,68,nan,nan,46,nan,60
0,4216,nan,736,nan,52,4296,1027,5130,nan,600,1450,73,75,17.9,18,5125,56
nan,1680,1395,691,34,76,2959,nan,8236,3700,569,nan,74,75,14.7,17,9533,nan
0,9402,7020,2151,20,70,16407,nan,8384,5110,612,2400,87,93,nan,7,7930,41
1,nan,2779,888,40,nan,nan,128,13584,nan,630,1278,nan,nan,13.9,19,10872,100
1,1380,768,nan,57,nan,1000,105,19300,6694,600,700,89,nan,6.1,18,14779,83
1,1109,688,386,20,65,1897,208,8325,5000,1200,1600,nan,98,nan,26,6874,55
1,584,nan,131,19,51,521,99,8955,5900,500,1488,51,56,11.8,23,8545,52
1,855,632,139,60,83,569,7,17238,7350,600,800,95,100,nan,41,18372,73
nan,1183,1016,411,42,82,1922,704,12669,4875,600,1250,83,nan,nan,20,10368,66
1,2115,nan,494,28,72,nan,347,nan,4375,500,1500,nan,85,nan,16,10175,89
nan,4576,nan,1000,nan,36,4384,1530,12000,6484,650,1000,81,84,14.4,nan,10080,nan
1,936,nan,197,24,56,752,nan,11240,4180,350,nan,71,71,11.2,37,10065,71
0,nan,3281,nan,14,53,5268,300,7844,nan,nan,1700,80,83,18.8,13,6719,nan
1,nan,445,165,23,70,1115,111,nan,nan,500,2000,62,65,13.2,nan,nan,58
1,nan,1932,628,nan,68,2669,616,10800,5100,575,1090,71,nan,14.1,42,8189,100
1,464,419,183,10,31,686,nan,9240,3880,475,1090,29,49,7.2,17,9431,47
1,1003,782,nan,23,53,1144,nan,16160,6950,500,1200,74,81,8.9,nan,14086,79
1,1016,872,300,nan,57,1116,602,nan,4980,550,1400,66,73,15.8,36,7411,nan
1,437,400,211,13,35,614,271,8990,3064,500,1700,73,73,14.8,7,7881,48
1,4293,2728,591,25,62,2322,263,18710,5970,500,nan,87,92,12.7,29,14837,81
1,2925,1598,632,51,88,nan,95,18820,6390,nan,1050,85,97,nan,44,21199,90
0,2807,2589,1701,13,nan,nan,1103,nan,nan,nan,nan,62,65,nan,nan,5084,67
nan,2281,nan,1408,18,43,6553,nan,nan,3540,200,nan,75,76,17.1,8,5916,45
0,nan,700,nan,20,50,2962,651,3738,2619,nan,nan,55,nan,19.6,9,4444,53
nan,nan,340,193,18,38,nan,127,nan,4124,630,1818,63,65,18.6,11,8219,43
0,2540,2195,994,13,40,6063,nan,5472,3598,221,2216,76,81,nan,8,nan,43
1,nan,3455,nan,41,nan,4892,nan,12772,5078,576,nan,74,88,13.5,17,12726,nan
1,1093,1093,642,nan,32,1770,967,nan,nan,400,1000,52,54,15.9,nan,4718,71
0,6118,5254,3204,15,37,13131,nan,4740,2590,500,1360,nan,nan,19.9,11,4632,56
0,1047,938,511,13,33,nan,546,4285,2750,600,1800,58,nan,16.5,31,6591,nan
1,321,318,172,11,nan,620,280,nan,3736,430,1651,44,77,13,nan,5309,nan
1,213,155,nan,28,66,504,nan,7200,3532,550,nan,56,56,11.8,12,7818,nan
1,nan,912,352,44,nan,1177,43,11850,nan,600,1050,nan,nan,11.3,35,12995,nan
nan,283,nan,97,10,nan,589,263,8400,nan,600,900,50,56,10.6,40,6860,89
nan,3713,nan,nan,47,83,1971,107,nan,5565,660,2400,73,80,nan,nan,9988,65
nan,nan,362,181,15,32,nan,353,8600,3550,385,665,48,48,15.4,9,10938,49
1,1489,1313,nan,13,45,1688,131,10456,4927,nan,1050,91,91,nan,32,9828,78
1,323,278,nan,31,51,393,4,nan,nan,275,800,nan,72,7.2,26,15622,64
1,nan,1064,354,nan,51,1687,677,10570,nan,400,800,86,81,14.5,nan,nan,66
1,2753,nan,505,31,56,nan,45,nan,5730,nan,825,90,94,nan,38,14980,85
1,nan,165,63,5,25,494,574,nan,4270,300,500,43,77,14.5,8,nan,40
1,2643,1611,465,36,80,nan,248,13332,6354,630,1584,88,nan,16.1,nan,9619,78
0,1340,695,285,nan,nan,1315,209,6800,nan,nan,1250,84,89,11.6,nan,10357,63
1,1243,1020,414,33,60,2149,418,nan,3858,700,1736,82,83,16.2,7,7651,72
1,nan,1243,568,30,56,1946,95,nan,4450,425,1100,74,nan,nan,36,8595,88
1,651,nan,243,8,17,617,34,5000,3650,600,600,45,nan,14,8,8426,45
1,861,609,215,10,27,1117,815,8650,5700,500,1750,nan,73,16.1,13,6534,67
1,450,405,194,17,34,614,388,13900,nan,450,2150,46,nan,10.9,17,nan,59
1,1557,1227,489,nan,69,1964,nan,12315,4565,600,nan,85,90,12.5,24,10307,73
nan,nan,1249,380,nan,93,1263,11,nan,5680,450,nan,89,89,19,33,12837,79
0,nan,1579,nan,nan,65,4365,765,nan,4351,711,nan,78,92,nan,7,5599,64
nan,3646,2300,585,25,nan,2022,926,nan,nan,480,800,79,79,13,30,7495,97
0,nan,9198,nan,16,61,10168,1231,6550,4355,700,1560,93,96,nan,16,9075,74
nan,14463,nan,1757,nan,94,8544,671,nan,4598,700,1000,83,100,18,15,nan,80
0,15039,9649,3087,36,100,13963,3124,nan,4731,708,957,90,97,13.6,15,11177,nan
0,nan,6969,1724,27,66,9744,1351,6550,4712,600,1200,91,96,10.5,7,13705,57
0,7294,3564,nan,7,34,5758,1363,6550,4460,500,705,79,83,19,nan,nan,49
0,8000,4556,1464,17,nan,6943,869,6550,4810,500,1500,69,85,22,21,nan,63
0,nan,3515,1025,8,nan,7626,nan,6550,4040,550,1230,71,78,18.7,12,nan,42
nan,7888,3519,nan,nan,40,nan,346,6550,4680,630,nan,82,85,17.8,17,5563,53
nan,4877,2798,nan,13,48,nan,298,6550,4420,620,1481,82,nan,16.3,10,nan,nan
0,8598,4562,nan,56,93,5060,146,6550,4170,nan,650,nan,nan,nan,25,5716,76
0,8399,3609,nan,nan,53,4658,1478,6550,nan,550,1500,85,93,15.3,8,6608,53
0,5549,3583,853,nan,nan,5004,475,6550,4176,600,1380,80,90,17.9,nan,6174,65
0,3150,2289,650,16,nan,3598,234,6840,4660,500,1000,71,75,15.1,17,6436,59
nan,2119,1264,390,5,33,nan,1441,6550,nan,1125,nan,80,100,14.9,8,nan,nan
nan,2096,1512,nan,27,59,1442,166,16130,nan,400,800,83,86,13.9,37,10554,90
1,462,402,nan,36,68,527,41,14500,6000,500,600,91,99,6.5,48,18953,61
nan,nan,7260,2442,28,67,10142,117,15150,6870,635,960,73,nan,11.3,13,14231,67
1,nan,183,nan,19,41,396,38,7850,3410,nan,1500,nan,70,nan,15,nan,53
nan,4414,1500,335,30,60,nan,119,5666,2964,1000,1400,56,58,15.5,nan,5970,nan
1,1769,nan,437,41,80,1757,81,10965,4000,450,1250,60,61,14.2,32,nan,98
1,232,182,99,7,nan,402,237,7070,3640,400,3158,59,nan,8.9,16,6286,36
0,nan,10519,6392,49,nan,nan,2798,nan,3412,600,2144,89,91,nan,29,8471,69
0,529,481,243,22,nan,nan,134,nan,3122,nan,650,103,88,17.4,16,6415,43
1,4095,3079,1195,nan,64,5064,660,8490,3320,nan,2400,81,93,nan,nan,9158,64
1,nan,423,215,27,57,895,nan,7850,3410,490,1700,54,nan,13.8,24,nan,nan
0,4345,3245,2604,15,85,5584,3101,nan,3360,600,1700,65,75,18.2,21,3605,10
1,592,nan,nan,nan,nan,1204,392,6400,nan,600,1800,80,83,14.5,nan,7936,43
0,1500,1242,611,12,36,nan,292,7070,nan,400,nan,nan,94,17.1,17,7744,84
1,1154,951,253,15,31,791,140,11172,4958,nan,1350,68,nan,11.6,16,9186,60
1,845,734,254,nan,21,662,351,7600,3800,nan,1200,59,74,19,40,5096,nan
1,759,729,244,57,81,867,51,10900,4450,500,nan,81,91,12.1,41,10219,70
0,5042,2312,944,55,94,nan,902,5391,nan,700,nan,nan,87,nan,nan,8504,nan
1,1262,1102,276,14,40,978,98,9456,nan,468,1323,53,53,12.8,24,7603,65
1,nan,1798,nan,46,nan,1737,244,nan,nan,500,680,91,96,10.4,48,18034,91
1,247,189,100,19,49,309,nan,11412,6430,500,900,89,93,8.3,37,11806,96
1,222,185,91,16,nan,484,541,11010,5208,nan,500,58,78,nan,26,9586,78
1,2425,1818,nan,62,93,nan,95,12240,nan,500,490,94,nan,9.6,20,14703,nan
1,7033,5125,nan,47,75,4941,1534,19040,5950,350,nan,98,98,9.1,21,16920,nan
1,626,nan,145,12,34,983,40,7700,nan,450,nan,70,nan,21.9,28,4933,52
1,nan,1827,611,20,59,2825,144,6735,3395,600,1425,70,74,12.2,nan,10872,65
nan,484,384,177,9,45,634,nan,7800,2950,500,600,60,88,nan,9,6864,64
1,3495,1712,528,49,84,1915,123,18732,6204,450,1024,94,96,11.5,49,15411,88
0,4800,nan,nan,14,48,7764,1472,6874,2394,nan,1890,73,78,nan,14,5901,56
0,1797,1260,938,nan,35,6960,4698,4440,5175,nan,2200,96,96,6.7,16,16352,33
nan,3235,3108,2133,nan,65,9978,1530,5028,nan,500,2000,73,89,nan,10,6820,nan
0,19873,8252,3215,95,100,19532,nan,11648,6246,636,nan,93,97,nan,10,13919,nan
0,nan,10775,2478,85,100,12677,nan,12024,5302,790,1818,nan,96,16.1,nan,15934,nan
0,nan,2959,nan,25,60,12330,7152,6618,4234,700,1600,80,98,22.2,9,nan,46
1,682,535,204,22,43,771,611,9500,3540,400,750,26,58,2.5,10,7683,57
nan,6348,2999,922,68,94,3340,39,18930,6380,nan,nan,99,99,nan,36,36854,90
0,6855,5553,nan,26,57,11036,2011,nan,4697,556,1851,89,nan,10.8,6,nan,54
0,9735,7187,2064,23,63,12478,nan,nan,5072,700,2300,nan,95,16,16,10178,71
1,681,588,246,44,74,1058,nan,10760,nan,500,1200,85,93,13.4,26,nan,63
1,nan,nan,1507,nan,51,5889,665,11380,4220,500,900,81,nan,nan,25,8894,93
1,14446,10516,nan,22,57,14130,4522,10220,4230,530,1300,82,87,18.3,nan,10650,75
1,2974,2001,580,29,60,nan,554,15192,4695,400,1350,nan,91,15.9,21,nan,nan
1,927,731,nan,24,50,2149,2217,11130,nan,600,2166,72,nan,nan,14,10891,51
1,576,558,137,11,39,662,131,10430,3620,400,nan,85,98,nan,18,8767,45
1,2096,1626,694,35,67,2551,407,11800,4340,700,nan,60,81,15.8,nan,7780,77
0,12445,8836,3623,54,85,24470,3286,7090,4180,630,1530,88,nan,13.4,20,14737,66
0,11220,7871,3320,43,nan,19553,2748,5697,3600,525,1755,nan,95,14.7,22,7881,63
1,5081,nan,1194,11,26,3768,1415,14220,6000,500,1440,61,76,10.7,9,10625,66
nan,3580,2603,1627,36,nan,11028,nan,4460,3038,687,1281,85,87,11.8,6,12833,54
nan,14939,11652,5705,52,nan,25422,911,7560,nan,500,1982,87,nan,nan,13,8559,nan
nan,8384,5727,nan,nan,50,nan,2916,7230,5088,630,nan,82,nan,10,6,13883,nan
1,1487,1276,388,26,51,1417,1646,11120,4080,525,nan,55,56,11.1,23,6735,69
0,8579,5561,3681,25,50,nan,1673,6994,3384,700,2681,88,94,13.7,17,9657,nan
1,nan,nan,nan,16,38,1431,1522,13540,5050,630,nan,66,68,14.1,23,10139,nan
0,4777,3057,1823,16,33,nan,6198,6540,3600,530,2440,84,92,nan,24,10207,31
0,1208,803,438,nan,48,1906,nan,6810,3970,450,1647,67,75,15.9,26,5712,59
0,441,369,nan,17,nan,633,317,6600,3680,600,400,nan,nan,15.1,4,5935,64
0,461,381,235,10,40,974,503,6600,3630,400,nan,67,67,15.2,nan,6408,35
0,4269,nan,985,27,nan,6476,nan,8594,4408,494,2768,82,88,nan,nan,nan,nan
nan,14292,10315,3409,22,53,nan,3991,nan,5146,550,1550,89,nan,18.1,nan,9021,nan
0,nan,12414,3816,12,nan,16282,1940,8566,3897,500,1400,nan,92,16.7,15,10276,68
nan,3347,2597,1006,nan,nan,4664,1630,6919,4500,500,1250,74,90,15,20,7462,56
1,nan,nan,1643,42,nan,7760,nan,16500,6526,630,1985,82,94,5.9,17,17500,59
0,19152,12940,4893,66,92,22045,nan,15732,4659,476,1600,nan,98,11.5,26,14847,87
0,4192,nan,1656,15,45,5887,1254,8828,3474,753,2610,nan,91,nan,nan,6393,53
0,1458,874,nan,56,nan,1846,154,nan,3180,600,1500,74,78,14.6,16,6716,51
0,11054,6397,nan,26,55,16502,nan,nan,nan,714,2910,88,90,12.2,37,16122,nan
nan,nan,3383,1669,26,47,7524,804,nan,3810,nan,nan,81,86,20.3,14,6971,53
0,6574,4637,2940,32,62,nan,1583,9057,nan,600,nan,nan,87,12.7,15,10145,nan
0,nan,1826,823,49,nan,3926,561,9057,nan,nan,1435,88,nan,14.4,nan,9699,49
0,1618,1141,nan,18,54,4793,nan,nan,3964,nan,4288,71,73,13.4,15,6433,48
1,nan,331,269,17,54,nan,301,nan,3680,550,nan,59,63,16.6,4,5412,52
0,1351,892,570,18,78,2385,331,4440,3030,nan,600,72,72,18.9,8,5883,51
nan,6277,6003,3526,33,63,16454,3171,nan,nan,nan,2070,86,92,15.1,48,6813,53
1,1209,750,265,19,nan,820,nan,11450,5045,900,nan,72,75,11.4,13,9718,64
0,9750,7640,2529,24,62,nan,1338,11180,3862,650,2450,89,87,17.5,nan,7855,75
0,1757,979,nan,32,nan,2033,1078,5972,3420,nan,750,77,83,13,11,7011,37
0,14596,5985,nan,75,92,14609,1100,8400,4200,550,nan,88,93,nan,23,15893,83
0,5803,4441,1730,nan,62,10099,3255,7248,3109,600,1900,79,91,16.8,7,6227,62
0,5191,4134,1500,15,44,7532,1847,nan,3505,600,nan,nan,94,nan,17,7392,53
0,6071,3856,1449,nan,67,6635,1145,7558,3680,500,1500,nan,nan,19.1,15,6005,55
0,2777,2249,1652,20,54,8334,1435,5634,2703,450,1200,97,97,nan,16,9424,49
0,1800,1253,560,44,85,3876,3588,6634,4360,600,2604,nan,85,17.8,14,6104,47
nan,4418,nan,2049,23,51,14047,5134,4104,nan,450,1700,86,94,22.6,6,5657,35
0,5530,4007,1697,12,37,8463,1498,7731,nan,540,2286,75,75,21.5,8,6309,40
0,4144,3379,nan,18,52,10135,1448,6197,2930,595,2380,nan,82,16.3,26,nan,77
nan,7700,3700,1906,79,96,7671,30,16850,4400,600,1350,96,92,13.1,46,nan,97
nan,4743,nan,2233,32,63,13436,2582,5173,3526,nan,nan,86,90,11.5,11,10244,44
0,nan,6732,2546,25,61,11669,nan,nan,3660,570,nan,79,nan,19.7,13,8020,nan
nan,12394,5232,2464,85,100,9205,531,17020,7270,500,1544,95,96,6.3,38,25765,93
0,8586,6383,2503,25,59,13138,4289,10786,4560,400,900,93,nan,7.8,10,13789,nan
1,1758,nan,419,27,58,2041,174,12040,4100,nan,1100,92,96,nan,nan,9060,72
1,4044,2826,688,51,83,2738,138,16230,4500,nan,1800,79,86,15,17,11217,nan
0,9643,7751,1968,12,40,8894,2456,10330,5558,500,nan,84,nan,16.6,7,9158,63
1,5892,2718,756,nan,72,2854,594,14500,3285,700,1125,75,nan,11.7,nan,11984,100
1,8766,5498,1243,56,75,5071,438,17840,6582,500,nan,93,99,nan,23,26037,80
1,3934,2735,886,40,70,3698,217,nan,nan,nan,1820,93,96,15.6,13,10813,66
nan,2306,1721,538,nan,48,4309,549,13226,6452,750,nan,86,86,13.6,8,10074,62
0,285,280,208,nan,43,1140,473,3687,1920,nan,nan,nan,77,23.6,3,nan,43
1,4471,2942,nan,nan,60,3674,493,11584,5986,650,800,nan,83,14.1,41,9131,92
0,nan,560,377,14,nan,1855,1412,5800,3066,500,1500,nan,62,nan,3,5035,48
0,7693,5815,2328,30,nan,12594,3661,8074,nan,nan,2941,84,88,16.9,18,8246,63
0,nan,4676,nan,29,63,14770,10962,6760,nan,500,2180,nan,89,17,nan,11020,47
1,nan,8498,2477,45,nan,13259,1429,17230,6482,600,2210,nan,94,11.4,10,nan,68
nan,1401,1239,605,10,34,3716,nan,7100,4380,540,2948,63,88,19.4,0,5389,36
0,2379,nan,1292,8,25,4283,2973,nan,3192,500,1425,56,65,22,21,nan,38
0,2850,nan,1046,20,50,nan,nan,4652,2470,500,500,78,99,18.7,23,5917,45
1,2057,nan,nan,26,53,4106,982,11712,4037,nan,800,80,80,13.8,nan,8546,89
1,374,280,185,45,77,995,408,8550,4050,500,1344,75,75,12.6,17,7237,nan
0,7473,nan,3013,27,53,15749,3237,5764,3262,750,nan,86,92,16.5,nan,8612,53
nan,3281,2559,1448,19,nan,10975,8431,4422,2780,500,2850,73,73,21,nan,nan,29
0,14752,9572,5329,48,85,30017,5189,nan,nan,nan,3140,91,99,19.7,11,7837,65
0,4217,3100,1686,17,46,9375,5457,4104,5376,452,nan,94,nan,25.3,3,4329,50
1,974,704,nan,5,22,1145,39,12520,3860,1300,700,16,nan,7.5,9,11641,57
1,2459,1997,582,nan,66,2664,nan,16320,5326,nan,nan,87,94,11.2,14,13706,65
1,1445,966,326,46,83,1129,nan,15350,nan,450,810,nan,93,nan,52,18784,nan
1,1712,1557,696,nan,68,nan,nan,nan,nan,nan,2350,94,nan,11.5,10,11743,47
0,5095,4491,2400,27,nan,nan,8374,6857,3975,858,3093,89,93,12.8,9,9275,nan
0,7663,6008,nan,18,51,7353,1674,15516,4928,500,990,nan,90,9.9,nan,12646,79
0,15849,nan,2678,74,95,nan,114,12212,3792,500,nan,90,nan,nan,22,13597,95
0,12749,7025,nan,40,81,20356,4582,8199,nan,708,2172,96,nan,9,10,16527,65
0,1558,1254,472,nan,57,3754,nan,6172,3994,541,1387,83,87,23.4,12,8488,53
0,2593,nan,nan,9,32,6038,nan,6704,2592,nan,1750,78,78,nan,17,6254,65
0,910,910,342,14,53,1434,417,nan,nan,550,1960,nan,81,15.2,nan,6490,36
nan,4400,3719,1472,nan,38,7804,1552,6950,2500,300,nan,90,nan,23.1,nan,5559,67
0,2409,1939,759,17,50,3819,1347,6900,2800,475,1200,81,89,22.2,1,5968,46
0,14901,10932,4631,36,80,23945,2200,nan,4290,nan,1545,93,nan,nan,20,11006,72
0,5244,3782,1930,12,37,11561,nan,8786,2964,570,nan,79,87,15.9,8,nan,38
nan,2029,1516,1073,23,nan,7535,1488,nan,3422,600,1500,91,nan,15.1,13,8745,45
1,nan,452,192,nan,nan,1481,1160,8840,3060,500,1000,69,nan,17.4,19,nan,78
1,1399,1026,nan,44,77,1131,17,14900,5160,500,800,82,85,11.6,40,12082,79
1,325,260,86,21,47,699,717,9600,4202,450,750,39,69,10.5,nan,7164,68
0,368,344,nan,5,27,nan,189,4286,2570,600,2000,nan,41,14.9,nan,4958,nan
nan,2075,nan,520,49,nan,2501,198,11800,3260,500,nan,87,nan,14.2,23,9681,95
1,7791,4690,1499,71,92,5500,90,17865,6525,630,952,nan,nan,nan,26,nan,83
nan,3550,1877,653,53,87,2164,77,18920,5950,600,800,nan,98,9.7,39,17089,90
1,7759,5588,1477,30,68,6362,nan,15925,nan,400,nan,nan,90,13.4,24,nan,nan
0,nan,3497,1567,18,45,10262,5065,10217,4182,500,3630,81,87,8.7,11,11183,45
nan,2996,2440,704,nan,30,3006,338,5587,nan,500,600,61,63,16,11,5733,31
0,nan,11719,4277,nan,nan,18511,604,10260,3176,740,2200,nan,89,13.8,nan,8944,73
1,nan,1610,453,nan,59,1298,67,nan,3494,nan,nan,51,67,13.7,8,6757,30
1,1470,900,nan,20,nan,nan,417,nan,5100,500,nan,70,nan,15.7,nan,7804,nan
1,647,518,271,17,nan,1014,nan,nan,3365,nan,2245,51,65,10.7,31,8050,73
1,1465,1006,188,10,30,nan,20,nan,2522,nan,1200,43,nan,22.9,3,5861,58
1,800,623,256,41,76,801,5,12925,4195,500,635,78,85,9.9,55,nan,72
1,1416,1015,nan,10,44,1324,nan,13500,nan,585,1700,67,78,13.2,nan,9006,75
1,5661,2392,nan,75,nan,3499,172,13850,4360,nan,1250,95,97,nan,37,nan,nan
nan,nan,890,477,27,92,847,497,8670,4180,500,1450,42,58,nan,33,5738,68
1,440,311,112,25,49,466,nan,10000,nan,400,1100,65,75,11.4,20,nan,63
1,1231,1074,345,34,66,1295,nan,11600,3610,400,850,66,nan,12.4,37,7735,67
1,1305,1100,334,42,64,nan,151,16260,4005,300,500,91,91,12.1,40,10162,86
1,3315,nan,425,68,93,1584,3,13750,4619,680,nan,81,96,9.6,45,15736,90
1,1209,942,214,31,60,822,46,15276,nan,500,nan,79,86,11.2,37,10830,65
0,nan,5839,2440,31,70,nan,1344,8200,4210,800,2719,84,87,16.9,nan,10912,56
1,nan,5259,1254,62,93,nan,1274,18350,5775,768,nan,nan,98,3.9,31,nan,90
nan,1373,1373,724,6,21,nan,474,2700,2660,540,1660,60,68,20.3,29,4550,nan
1,1190,978,nan,12,30,1280,nan,8840,3620,500,1200,57,58,16.2,26,6563,nan
1,280,nan,nan,nan,27,nan,110,5590,nan,650,nan,53,63,15.1,4,4839,90
1,665,nan,226,nan,44,1739,1550,9160,4340,500,500,nan,68,nan,14,6951,48
1,2895,1249,579,80,96,2195,156,18345,5995,500,nan,94,nan,10.6,51,21409,nan
nan,318,nan,130,nan,85,416,nan,nan,5550,600,500,93,98,nan,42,nan,69
1,1480,1257,452,6,25,nan,nan,nan,6050,850,nan,10,68,15.4,8,17858,64
1,980,nan,350,10,25,872,448,9890,nan,nan,nan,52,57,14.4,15,nan,84
1,4772,1973,712,60,86,nan,27,nan,nan,1400,1400,nan,94,12.1,39,16262,92
0,6502,nan,1372,nan,51,7484,1904,7844,4108,400,2000,76,nan,15.3,nan,6773,52
0,1164,1062,478,12,25,2138,227,nan,nan,600,1210,nan,33,16.3,nan,4249,60
1,1566,1400,483,28,55,1509,170,14200,3775,450,1100,58,81,16.4,42,8080,67
0,3224,2519,1057,11,31,nan,706,6390,2380,110,nan,67,78,14.6,9,6554,55
1,nan,984,278,nan,nan,1071,98,14510,nan,500,1400,84,91,12.5,39,10026,60
0,9167,7191,2738,24,53,15739,nan,6940,4100,500,1700,80,84,24.7,11,5983,55
nan,1650,1471,409,7,21,1803,1116,8994,nan,498,2065,74,nan,15.4,15,8409,59
nan,2702,1623,604,7,24,2315,146,5918,nan,500,2050,76,79,19.4,4,4599,52
0,5548,nan,1549,30,71,8909,506,8124,4144,639,nan,83,89,22.7,10,nan,61
0,3100,2150,825,3,20,3234,941,5542,nan,500,nan,nan,nan,15.7,20,4222,65
1,nan,553,184,20,43,665,37,10720,4050,600,nan,nan,nan,12.5,20,7925,62
1,996,866,377,29,58,1411,72,nan,3615,nan,nan,62,78,12.5,41,8596,80
1,nan,720,nan,21,60,979,743,nan,4050,600,2025,68,83,10.5,34,7170,50
0,950,713,351,42,72,1276,9,14320,5304,nan,1410,77,nan,14.9,17,8837,nan
1,1432,920,548,nan,84,nan,56,nan,4200,530,1400,81,83,12.7,40,11916,nan
1,1738,1373,417,nan,55,1335,30,18460,5970,700,850,92,96,13.2,41,nan,71
1,903,755,nan,15,49,971,305,10500,nan,600,600,66,71,14.1,nan,7494,72
1,nan,998,nan,nan,nan,1220,46,16670,4900,750,800,80,83,10.5,51,13198,nan
1,1681,1069,344,35,nan,1235,30,16249,5699,500,1998,84,92,13.6,29,11778,52
1,1121,nan,372,43,70,1270,160,12660,4500,678,2424,80,80,16.9,20,8328,80
1,nan,1492,502,24,64,nan,2171,12350,5370,500,1350,88,nan,12.6,19,9603,63
1,1631,1431,434,15,nan,1803,603,11150,nan,550,1260,78,nan,13.3,24,8543,nan
1,1658,1327,395,49,nan,1595,159,14800,4620,400,nan,91,nan,13.3,37,nan,68
1,663,547,315,nan,67,nan,75,10060,2970,500,2600,74,80,11.2,19,nan,59
1,469,435,227,17,39,851,120,10535,4365,550,3700,39,nan,12.9,16,7438,52
1,nan,1245,526,nan,nan,nan,29,19629,5790,500,1200,94,99,9,64,22014,99
1,167,nan,46,16,50,199,676,11428,5084,450,475,nan,76,8.3,43,10291,nan
1,nan,1017,383,10,nan,nan,157,7820,nan,nan,1550,69,81,13.9,8,7264,91
0,3325,2047,1301,20,45,5800,872,4200,2700,300,nan,53,60,nan,18,nan,58
0,nan,1805,769,24,61,3395,nan,6400,3392,580,2150,71,80,nan,26,6729,nan
1,152,128,75,nan,41,282,nan,9100,3700,500,1400,48,48,8.5,nan,8960,nan
1,1979,1739,575,42,68,1980,144,nan,4404,400,800,82,95,12.8,29,nan,78
1,1501,935,273,nan,83,nan,34,12680,nan,605,nan,91,nan,15.3,42,7875,75
1,2768,2314,682,49,86,2802,86,nan,5370,530,730,92,94,15.2,34,10774,82
nan,2197,1515,543,nan,nan,3089,2029,6797,3900,500,1200,60,60,21,14,4469,nan
1,1959,1805,695,nan,nan,2849,1107,11520,4960,600,1250,73,75,13.3,31,9189,83
1,2097,1915,695,34,61,2793,nan,6900,4200,617,781,67,75,14.4,20,8323,49
1,10705,2453,1317,nan,nan,nan,nan,19840,6510,nan,2115,96,96,nan,49,40386,99
nan,2989,nan,691,28,63,2988,nan,4990,3560,500,nan,75,nan,18.1,28,4509,nan
